Month,Log Ret EP,d/p,e/p,b/m,ntis,d/e,tbl,dfy,tms
192701,-0.023662602,-2.942374495,-2.374773288,0.443705645,0.073564221,-0.567601208,0.0323,0.0095,0.0028
192702,0.043850917,-2.979534686,-2.430352781,0.428500864,0.071755598,-0.549181905,0.0329,0.0092,0.0018
192703,0.00381872,-2.976535097,-2.445078688,0.469765117,0.056557721,-0.531456408,0.032,0.0092,0.0011
192704,0.014261249,-2.98422499,-2.471308627,0.45675413,0.06120397,-0.512916363,0.0339,0.009,-0.0006
192705,0.048133918,-3.025963334,-2.531445828,0.434782609,0.057526608,-0.494517506,0.0333,0.0093,-0.0006
192706,-0.011989099,-3.007308841,-2.531329949,0.452385249,0.058026953,-0.475978892,0.0307,0.0097,0.0027
192707,0.060507991,-3.061144242,-2.603707368,0.414553473,0.056059785,-0.457436875,0.0296,0.0095,0.0037
192708,0.041291742,-3.095764479,-2.656741691,0.396227409,0.047204229,-0.439022789,0.027,0.0092,0.0059
192709,0.040075138,-3.129096986,-2.707758528,0.380586062,0.087270618,-0.421338457,0.0268,0.0088,0.0062
192710,-0.05711691,-3.065649787,-2.662875402,0.413800693,0.087119974,-0.402774385,0.0308,0.0087,0.0017
192711,0.063047592,-3.122543244,-2.73821796,0.379395591,0.074660299,-0.384325284,0.0304,0.0086,0.0016
192712,0.016224908,-3.132666959,-2.76694218,0.37468859,0.06936467,-0.365724779,0.0317,0.0086,-1.00E-04
192801,-0.007863829,-3.118894006,-2.74132392,0.378669621,0.051893753,-0.377570086,0.0331,0.0089,-0.001
192802,-0.020572373,-3.0926312,-2.704291342,0.386076599,0.047540078,-0.388339859,0.0333,0.0087,-0.0015
192803,0.100144804,-3.186980117,-2.788288955,0.363254838,0.044086685,-0.398691162,0.0327,0.0086,-0.001
192804,0.028883582,-3.210430574,-2.800831935,0.368095261,0.038282329,-0.409598639,0.0362,0.0087,-0.0043
192805,0.009334052,-3.214759309,-2.795243413,0.354396979,0.038801854,-0.419515897,0.039,0.0093,-0.0063
192806,-0.044604306,-3.165110341,-2.73525378,0.370299948,0.039788854,-0.429856561,0.0392,0.0098,-0.0066
192807,0.0090015,-3.169301712,-2.729377407,0.360648148,0.047306478,-0.439924305,0.0412,0.0097,-0.0068
192808,0.067867709,-3.232747346,-2.783670503,0.324029782,0.046112741,-0.449076843,0.0436,0.0097,-0.0095
192809,0.019874248,-3.248317648,-2.790435379,0.32816581,0.012454628,-0.457882269,0.0457,0.0098,-0.0111
192810,0.010493091,-3.254679872,-2.787458885,0.308930838,0.018810003,-0.467220988,0.047,0.0097,-0.0134
192811,0.109719076,-3.360085479,-2.884376585,0.265525939,0.025796696,-0.475708893,0.0426,0.0097,-0.0088
192812,-0.00066483,-3.355050779,-2.87044835,0.259666667,0.031173008,-0.484602429,0.0426,0.0099,-0.0086
192901,0.05163854,-3.398869092,-2.912288506,0.245346603,0.052211015,-0.486580585,0.0466,0.0101,-0.0117
192902,-0.00949621,-3.381463718,-2.892954222,0.2454239,0.056176873,-0.488509495,0.0439,0.01,-0.0076
192903,-0.006173424,-3.367687603,-2.876600972,0.272300469,0.064009489,-0.491086631,0.046,0.0109,-0.0083
192904,0.011939926,-3.372319995,-2.879406652,0.263396912,0.083588593,-0.492913343,0.048,0.0111,-0.0122
192905,-0.047966276,-3.317413115,-2.822716873,0.282774621,0.098772215,-0.494696242,0.0509,0.011,-0.0136
192906,0.102495527,-3.412850827,-2.916413941,0.253580582,0.09174819,-0.496436886,0.048,0.0117,-0.0113
192907,0.04082467,-3.446530923,-2.948394159,0.24187518,0.088023919,-0.498136764,0.0455,0.0118,-0.0086
192908,0.089573758,-3.529202781,-3.029405489,0.221123761,0.096246797,-0.499797293,0.047,0.0125,-0.0095
192909,-0.053924947,-3.468391947,-2.966972121,0.244868249,0.120221236,-0.501419825,0.0458,0.0132,-0.0083
192910,-0.225867215,-3.235577674,-2.731935686,0.307484187,0.154711799,-0.503641988,0.0437,0.0134,-0.009
192911,-0.146466235,-3.081527634,-2.57634289,0.351956476,0.175604493,-0.505184744,0.0347,0.0127,-0.0016
192912,0.022497189,-3.096183853,-2.589490466,0.338457824,0.163350483,-0.506693386,0.0303,0.0128,0.0037
193001,0.057776181,-3.155956648,-2.68356095,0.314816201,0.146071661,-0.472395698,0.0339,0.0126,0.0008
193002,0.018476692,-3.176302787,-2.740131512,0.310206189,0.139410456,-0.436171275,0.0336,0.012,0.0003
193003,0.074410264,-3.252345407,-2.852896647,0.319119189,0.128063519,-0.39944876,0.0295,0.0111,0.004
193004,-0.01208928,-3.241930723,-2.880540723,0.326970598,0.112883884,-0.36139,0.03,0.011,0.0038
193005,-0.018609252,-3.224403529,-2.903358953,0.331915512,0.110781897,-0.321044575,0.0241,0.0112,0.0088
193006,-0.181366871,-3.043789569,-2.763829542,0.403375453,0.129809387,-0.279960026,0.0189,0.0121,0.0139
193007,0.03447717,-3.0789704,-2.841783675,0.390187615,0.140952278,-0.237186725,0.0183,0.0125,0.0144
193008,0.006241113,-3.085563806,-2.893934484,0.3797521,0.120256372,-0.191629322,0.0153,0.0126,0.0175
193009,-0.140838181,-2.945380789,-2.800406169,0.445583211,0.098980395,-0.14497462,0.0177,0.0123,0.0147
193010,-0.094395062,-2.851616597,-2.755498291,0.497954731,0.110168594,-0.096118306,0.0174,0.0152,0.015
193011,-0.023249844,-2.828613199,-2.784854344,0.504670831,0.098304349,-0.043758854,0.014,0.0178,0.0182
193012,-0.078362609,-2.750666503,-2.760923003,0.554745413,0.120762526,0.0102565,0.0148,0.0219,0.0182
193101,0.046701365,-2.812065031,-2.840073365,0.539152002,0.108416826,0.028008334,0.0124,0.0199,0.0219
193102,0.107394383,-2.934300917,-2.980785967,0.479667963,0.099383066,0.04648505,0.0106,0.0195,0.0232
193103,-0.072814889,-2.876685141,-2.942643109,0.529125087,0.097611229,0.065957968,0.0138,0.0205,0.0194
193104,-0.102018361,-2.790157663,-2.876551202,0.603214498,0.103643845,0.086393539,0.0149,0.0232,0.0178
193105,-0.148278701,-2.657177502,-2.764937576,0.709948622,0.098989661,0.107760073,0.0088,0.0278,0.0229
193106,0.129707291,-2.802012672,-2.93237449,0.607271274,0.081699373,0.130361818,0.0055,0.03,0.0264
193107,-0.077410545,-2.739831792,-2.894020065,0.673609572,0.045485251,0.154188273,0.0041,0.0272,0.0284
193108,0.009073835,-2.764483133,-2.943717739,0.654185496,0.031111746,0.179234605,0.0042,0.0307,0.0284
193109,-0.356225641,-2.423979172,-2.629831226,0.944001656,0.056252627,0.205852054,0.0045,0.0352,0.0308
193110,0.07965638,-2.520637164,-2.754705893,0.877176108,0.024322331,0.234068728,0.017,0.0405,0.0215
193111,-0.104410441,-2.433653356,-2.697578901,0.971556408,0.041503556,0.263925545,0.0177,0.0399,0.0208
193112,-0.158967964,-2.292781093,-2.588626476,1.170731707,0.002113718,0.295845383,0.0241,0.051,0.0166
193201,-0.030798553,-2.297149954,-2.587651241,1.191378184,0.001910434,0.290501287,0.0248,0.0393,0.0142
193202,0.047439198,-2.380709658,-2.665483048,1.119842829,-0.003694659,0.28477339,0.0242,0.0364,0.0125
193203,-0.12767994,-2.290348367,-2.569061769,1.185862445,-0.006761777,0.278713402,0.0225,0.0385,0.0145
193204,-0.227150846,-2.10087019,-2.373110626,1.553727874,-0.025047137,0.272240436,0.0111,0.0529,0.0225
193205,-0.265886892,-1.873246172,-2.138512561,1.942333482,-0.028727991,0.265266389,0.0031,0.0564,0.0318
193206,-0.009272118,-1.903915028,-2.161744137,2.028478058,-0.034356957,0.257829109,0.0034,0.0559,0.0313
193207,0.319705871,-2.265099807,-2.514926542,1.612544071,-0.011323576,0.249826735,0.0022,0.0553,0.0298
193208,0.318635089,-2.626761365,-2.867908437,1.187807545,-0.000873291,0.241147073,0.0014,0.0331,0.0307
193209,-0.037673648,-2.634119048,-2.865920662,1.214365567,0.000516808,0.231801614,0.0003,0.0291,0.0316
193210,-0.149220731,-2.532034403,-2.753688012,1.403877221,-0.002990809,0.221653608,0.0001,0.0323,0.0321
193211,-0.060722758,-2.520589202,-2.731139138,1.542147294,-0.003134273,0.210549936,0.0001,0.0361,0.0321
193212,0.050572703,-2.623218266,-2.821669204,1.442084301,-0.001500741,0.198450939,0.0004,0.0383,0.0311
193301,0.007172358,-2.640499291,-2.822820848,1.426929392,-0.002907181,0.182321557,0.0007,0.0357,0.0301
193302,-0.203886216,-2.44677378,-2.612900651,1.690990465,-0.00212967,0.166126871,0.0001,0.0389,0.0324
193303,0.031901725,-2.490048049,-2.639912396,1.476534296,-0.01831785,0.149864347,0.0134,0.0423,0.0187
193304,0.351845664,-2.85263143,-2.986162823,1.119015048,0.004824112,0.133531393,0.0045,0.0434,0.028
193305,0.147017216,-3.010361584,-3.127486941,0.928384973,-0.001380075,0.117125357,0.0029,0.0311,0.0279
193306,0.12370036,-3.144702384,-3.24534591,0.833503159,0.002168754,0.100643526,0.0007,0.0261,0.0299
193307,-0.092265569,-3.063290425,-3.147373542,0.901178804,0.004929728,0.084083117,0.0019,0.0226,0.029
193308,0.108462917,-3.182572591,-3.250013872,0.798750122,0.004160156,0.067441281,0.0001,0.0247,0.0307
193309,-0.1206382,-3.072896794,-3.123611887,0.867996604,0.00189187,0.050715093,0.0004,0.0291,0.0304
193310,-0.092743704,-2.991277923,-3.025179475,0.927858439,0.00607003,0.033901552,0.0009,0.0315,0.0306
193311,0.097558968,-3.100193509,-3.117191085,0.833503159,0.008070391,0.016997576,0.0022,0.0344,0.0305
193312,0.021781275,-3.133515976,-3.133515976,0.829026046,0.012765111,0.00001,0.0029,0.0325,0.0307
193401,0.100096369,-3.232395634,-3.224711981,0.762917366,0.009283706,-0.007683654,0.0072,0.0266,0.0249
193402,-0.037912592,-3.192959915,-3.178128183,0.790643727,0.011123779,-0.014831733,0.0062,0.0207,0.0255
193403,-0.00112978,-3.190220569,-3.16787327,0.802512212,0.015205388,-0.022347299,0.0024,0.0213,0.0283
193404,-0.027472288,-3.161066996,-3.131287017,0.801074734,0.012335959,-0.029779978,0.0015,0.0194,0.0285
193405,-0.08488756,-3.074284591,-3.037595393,0.856382979,0.013483053,-0.036689198,0.0016,0.0204,0.0276
193406,0.020473058,-3.09308327,-3.049120147,0.84073107,0.011833825,-0.043963123,0.0015,0.0213,0.0274
193407,-0.122505737,-2.968906387,-2.917747691,0.914253265,0.009075422,-0.051158696,0.0015,0.0224,0.0273
193408,0.05257403,-3.01962193,-2.961779721,0.866896403,0.025096441,-0.057842209,0.0019,0.0256,0.028
193409,-0.00565445,-3.012353155,-2.947465533,0.870364364,0.024344216,-0.064887622,0.0021,0.0261,0.0289
193410,-0.032611948,-2.978180068,-2.906321205,0.862253642,0.027851392,-0.071858862,0.0027,0.025,0.0273
193411,0.079397734,-3.055780542,-2.977451748,0.782008937,0.023938913,-0.078328794,0.0025,0.0251,0.0274
193412,-0.004393335,-3.049799495,-2.964641686,0.773740869,0.019193422,-0.085157808,0.0023,0.0242,0.027
193501,-0.043184038,-3.00678211,-2.770393332,0.791621595,0.019692961,-0.236388778,0.002,0.0221,0.0261
193502,-0.040522545,-2.966417886,-2.598693106,0.786286384,0.01403623,-0.36772478,0.0019,0.0226,0.0256
193503,-0.031504673,-2.935038205,-2.451241254,0.800754118,0.012234043,-0.483796951,0.0015,0.0253,0.0259
193504,0.091206046,-3.033803475,-2.506693563,0.737322979,0.019880301,-0.527109912,0.0015,0.0247,0.0254
193505,0.031691053,-3.07311169,-2.503874978,0.729392625,0.019274589,-0.569236712,0.0015,0.0229,0.0261
193506,0.065521996,-3.146305132,-2.536045611,0.681818182,0.019218951,-0.610259521,0.0015,0.0216,0.0255
193507,0.079692109,-3.226122233,-2.636653902,0.639309197,0.018489332,-0.589468331,0.0015,0.0211,0.0253
193508,0.021296067,-3.247551625,-2.679314665,0.63368669,0.006513157,-0.56823696,0.0016,0.0198,0.0265
193509,0.023404932,-3.271123209,-2.724579503,0.611734384,0.009179983,-0.546543706,0.002,0.0194,0.0262
193510,0.072214203,-3.32103121,-2.796960359,0.577501073,0.005326317,-0.524070851,0.002,0.0202,0.0259
193511,0.03843895,-3.337624578,-2.835532634,0.566952368,0.000744401,-0.502091944,0.0016,0.0196,0.0264
193512,0.03627023,-3.352513595,-2.871927856,0.559911191,0.01168176,-0.480585739,0.0015,0.0186,0.0261
193601,0.06330093,-3.394927769,-2.922323358,0.53983544,0.011508439,-0.472604411,0.002,0.0163,0.0265
193602,0.016465747,-3.390940881,-2.926052353,0.529076247,0.016263675,-0.464888529,0.002,0.0148,0.0261
193603,0.024944948,-3.395849775,-2.938424928,0.527696047,0.011793054,-0.457424847,0.002,0.0157,0.0255
193604,-0.080376935,-3.282849025,-2.820943251,0.566348596,0.02366014,-0.461905774,0.002,0.0162,0.0254
193605,0.044569241,-3.295837491,-2.829747136,0.540487421,0.022952765,-0.466090355,0.002,0.0167,0.0253
193606,0.029931378,-3.295163238,-2.825159609,0.523178388,0.019611962,-0.470003629,0.002,0.0166,0.0253
193607,0.06571827,-3.325288418,-2.868530016,0.500424603,0.021662656,-0.456758402,0.0015,0.0161,0.0256
193608,0.008627374,-3.299596269,-2.855345136,0.496121234,0.019583544,-0.444251133,0.002,0.0153,0.0244
193609,0.001116676,-3.267509849,-2.835088931,0.491598141,0.02094379,-0.432420918,0.0016,0.0144,0.0252
193610,0.072168756,-3.28141441,-2.879391817,0.465707028,0.021545949,-0.402022593,0.0013,0.0136,0.0256
193611,0.003967491,-3.230322747,-2.856239087,0.450278354,0.027622095,-0.37408366,0.0011,0.0137,0.0246
193612,-0.005903842,-3.172249984,-2.823943289,0.458588105,0.02064082,-0.348306694,0.0012,0.0143,0.0243
193701,0.036994859,-3.195593177,-2.832092268,0.446573563,0.020890589,-0.363500909,0.0017,0.0139,0.0241
193702,0.014351875,-3.196464392,-2.818398258,0.440775765,0.021141121,-0.378066134,0.0015,0.0131,0.0238
193703,-0.009758508,-3.17359948,-2.781557392,0.458666381,0.031968319,-0.392042088,0.0038,0.0136,0.0247
193704,-0.087275033,-3.047570291,-2.676891299,0.490618007,0.02121042,-0.370678992,0.0056,0.0142,0.0228
193705,-0.010742436,-2.999429135,-2.648946162,0.489382405,0.021255392,-0.350482974,0.0041,0.0151,0.0241
193706,-0.05464055,-2.908720897,-2.577363761,0.504961021,0.028885573,-0.331357136,0.0036,0.0165,0.0249
193707,0.097435365,-3.034560037,-2.660885116,0.46464866,0.023001322,-0.373674921,0.0028,0.0166,0.0249
193708,-0.057192216,-3.006597824,-2.589992889,0.481934502,0.027005575,-0.416604935,0.0029,0.0168,0.0257
193709,-0.15357807,-2.883130597,-2.422914974,0.553147441,0.031775156,-0.460215623,0.0031,0.0188,0.0253
193710,-0.107467033,-2.762926811,-2.340512145,0.617417678,0.035719117,-0.422414666,0.002,0.0225,0.0263
193711,-0.106694846,-2.643567937,-2.259425599,0.692419825,0.033093759,-0.384142339,0.0009,0.0258,0.0269
193712,-0.051811406,-2.579269411,-2.233908227,0.707488622,0.024175971,-0.345361184,0.0011,0.0252,0.0262
193801,0.013099535,-2.600820946,-2.295435781,0.701567244,0.030945345,-0.305385166,0.001,0.0272,0.0261
193802,0.058960909,-2.668286544,-2.405274283,0.659518667,0.024416227,-0.263012261,0.0008,0.0277,0.026
193803,-0.288336799,-2.388527523,-2.170525371,0.892369884,0.02576423,-0.218002152,0.0008,0.0308,0.0265
193804,0.131984725,-2.537828616,-2.373789908,0.79079348,0.022589265,-0.164038708,0.0009,0.0317,0.025
193805,-0.045384172,-2.510031297,-2.405112517,0.819565621,0.025088927,-0.104918781,0.0005,0.0284,0.0252
193806,0.220725818,-2.748655956,-2.708915627,0.659545862,0.013101371,-0.039740329,0.0005,0.0299,0.0254
193807,0.070087278,-2.8555034,-2.84620054,0.625354108,0.014645338,-0.00930286,0.0007,0.0241,0.025
193808,-0.02785228,-2.865800012,-2.890371758,0.634020248,0.009000096,0.024571746,0.0006,0.0231,0.0253
193809,0.014748421,-2.920224721,-2.982745078,0.624248851,0.006665305,0.062520357,0.0008,0.0244,0.0251
193810,0.073190573,-3.072237838,-3.045281496,0.581954788,0.002404417,-0.026956342,0.0005,0.0221,0.0249
193811,-0.034013436,-3.123779908,-3.000720341,0.589373915,0.002803937,-0.123059566,0.0004,0.0213,0.0253
193812,0.036987706,-3.254318672,-3.027261221,0.572039388,0.009154653,-0.227057451,0.0003,0.0219,0.0249
193901,-0.071399856,-3.176429784,-2.920077415,0.614218141,-9.98E-05,-0.256352369,0.0003,0.0211,0.0246
193902,0.031977731,-3.201958706,-2.917507814,0.599456891,0.004421746,-0.284450892,0.0003,0.0205,0.0242
193903,-0.145551557,-3.050001903,-2.738565745,0.660649272,0.001813088,-0.311436158,0.0003,0.019,0.0234
193904,-0.005504465,-3.038133277,-2.709882923,0.678454588,-0.000678055,-0.328250353,0.0003,0.0213,0.0226
193905,0.060384128,-3.092191907,-2.74761625,0.630337241,-8.61E-06,-0.344575657,0.0003,0.021,0.0214
193906,-0.065943783,-3.019964587,-2.65952316,0.666768736,0.00244475,-0.360441427,0.0003,0.0199,0.0218
193907,0.103114793,-3.104420579,-2.740978032,0.607985481,0.001153928,-0.363442548,0.0004,0.0195,0.0209
193908,-0.074149638,-3.011963468,-2.645638689,0.648017261,0.002352646,-0.36632478,0.0005,0.0192,0.0226
193909,0.152243509,-3.146305132,-2.777207668,0.580047949,0.002479444,-0.369097464,0.0014,0.0175,0.0264
193910,-0.014742124,-3.096513354,-2.726139566,0.573479062,0.001600602,-0.370373788,0.0005,0.0173,0.0242
193911,-0.050391893,-3.012261576,-2.640698019,0.597844739,0.003469605,-0.371563556,0.0005,0.0185,0.0231
193912,0.02345904,-3.002964125,-2.63028884,0.58070538,0.005154747,-0.372675285,0.0004,0.0198,0.0222
194001,-0.035871997,-2.961739052,-2.561635353,0.599325673,0.010546129,-0.4001037,0.0001,0.0198,0.0228
194002,0.006600396,-2.963021703,-2.536503717,0.594376962,0.00749329,-0.426517985,0.0002,0.0197,0.0226
194003,0.009827548,-2.967561397,-2.515576273,0.647959875,0.008371307,-0.451985124,0.0002,0.0196,0.0213
194004,-0.00492666,-2.952124467,-2.49396809,0.644074648,0.008658211,-0.458156377,0.0002,0.0192,0.0218
194005,-0.273882563,-2.667876183,-2.203721364,0.82257787,0.007565636,-0.464154819,0.0006,0.0201,0.024
194006,0.073716381,-2.731366006,-2.261362377,0.783221367,0.008418777,-0.470003629,0.001,0.0215,0.0217
194007,0.030547794,-2.751750788,-2.279215975,0.757888061,0.008532988,-0.472534813,0.0005,0.0192,0.0219
194008,0.025867396,-2.767551431,-2.292531632,0.741775295,0.009544228,-0.475019799,0.0004,0.0191,0.0219
194009,0.009383475,-2.766975985,-2.289537378,0.720747889,0.010071912,-0.477438608,0.0005,0.0184,0.021
194010,0.038626596,-2.805619248,-2.337483033,0.710199837,0.011938542,-0.468136215,0.0002,0.0177,0.0212
194011,-0.043361395,-2.762274519,-2.303528045,0.73521495,0.011034823,-0.458746475,0.0002,0.0173,0.0197
194012,-0.002848193,-2.759442993,-2.310175262,0.72904751,0.010623785,-0.449267731,0.0002,0.0174,0.0192
194101,-0.049421386,-2.705075979,-2.257604132,0.770160316,0.008429348,-0.447471847,0.0002,0.0163,0.0211
194102,-0.015041118,-2.685128924,-2.239430468,0.783799295,0.008616717,-0.445698457,0.0004,0.0164,0.0209
194103,0.003932488,-2.684239552,-2.240308163,0.804269883,0.007853623,-0.443931389,0.0011,0.0158,0.0195
194104,-0.06757131,-2.611862075,-2.163430443,0.854249611,0.008172271,-0.448431632,0.001,0.0151,0.0186
194105,0.00419559,-2.611282164,-2.158415302,0.849178353,0.008809233,-0.452866862,0.0011,0.0151,0.0184
194106,0.051995117,-2.658535137,-2.201293759,0.801526718,0.006722403,-0.457241378,0.0012,0.0154,0.0179
194107,0.053272355,-2.707088681,-2.224546317,0.766363848,0.006315105,-0.482542364,0.0012,0.0154,0.0179
194108,-0.008808237,-2.693591639,-2.186598708,0.774542886,0.010158918,-0.506992931,0.0013,0.0153,0.0177
194109,-0.009839505,-2.679062664,-2.148434413,0.778268412,0.00974778,-0.530628251,0.001,0.0155,0.0183
194110,-0.071170919,-2.603216614,-2.08577736,0.837718554,0.011098764,-0.517439254,0.0009,0.0155,0.0173
194111,-0.043250691,-2.555470142,-2.051270665,0.860805861,0.010432931,-0.504199477,0.0028,0.0156,0.0158
194112,-0.046376436,-2.504663248,-2.013752934,0.889509733,0.012776998,-0.490910314,0.0033,0.0158,0.0171
194201,0.013489526,-2.527812255,-2.062558755,0.902111324,0.011811932,-0.4652535,0.0027,0.0146,0.022
194202,-0.025497016,-2.51204648,-2.073637695,0.926064928,0.011873917,-0.438408785,0.0025,0.0144,0.0222
194203,-0.070116287,-2.451754442,-2.041470048,1.03486386,0.012918379,-0.410284395,0.0025,0.0144,0.0219
194204,-0.044945408,-2.421674465,-2.016209356,1.080230729,0.013941398,-0.405465108,0.0032,0.0143,0.0214
194205,0.061697658,-2.498495494,-2.098017927,1.021015067,0.013289217,-0.400477567,0.0037,0.0142,0.0206
194206,0.017929302,-2.531770959,-2.136458222,0.99670989,0.012889044,-0.395312737,0.0037,0.0148,0.0207
194207,0.030528059,-2.58302399,-2.181001397,0.974271661,0.012054965,-0.402022593,0.0038,0.0147,0.0206
194208,0.006668278,-2.610844013,-2.201876098,0.968682404,0.007983037,-0.408967915,0.0038,0.0147,0.0206
194209,0.026015758,-2.65845326,-2.242292863,0.944001466,0.00702771,-0.416160397,0.0038,0.0146,0.0206
194210,0.062101013,-2.73713141,-2.273294296,0.907488987,0.005292642,-0.463837114,0.0038,0.0144,0.0206
194211,-0.014213152,-2.739764177,-2.228938553,0.899563319,0.005347174,-0.510825624,0.0038,0.0146,0.0209
194212,0.050061297,-2.806949208,-2.249757664,0.862646566,0.001970714,-0.557191544,0.0038,0.0147,0.0208
194301,0.068880942,-2.876146767,-2.306096504,0.821306116,0.002039672,-0.570050263,0.0038,0.0137,0.0207
194302,0.049064631,-2.925528015,-2.342772819,0.7940791,0.002563206,-0.582755196,0.0038,0.0131,0.0208
194303,0.051067583,-2.976912214,-2.381620824,0.783480999,0.001794763,-0.595291391,0.0038,0.0125,0.0209
194304,0.000546569,-2.977775399,-2.373181616,0.78978447,0.001126343,-0.604593783,0.0038,0.012,0.0208
194305,0.043572284,-3.0216643,-2.407853861,0.757897719,0.000978084,-0.613810438,0.0038,0.0117,0.0206
194306,0.019307889,-3.041288805,-2.418345883,0.746268657,0.001183578,-0.622942922,0.0038,0.0116,0.0206
194307,-0.056094702,-2.979877464,-2.368649892,0.779599271,0.012467756,-0.611227571,0.0038,0.0112,0.0207
194308,0.009904938,-2.984495642,-2.384981557,0.783194261,0.014610457,-0.599514084,0.0038,0.0112,0.0207
194309,0.023135044,-3.002376816,-2.414590151,0.763631173,0.01452967,-0.587786665,0.0038,0.0114,0.0208
194310,-0.013650147,-2.983503658,-2.445431065,0.773736351,0.017477102,-0.538072593,0.0038,0.0112,0.0209
194311,-0.078822474,-2.899487042,-2.413134486,0.825808443,0.019713817,-0.486352556,0.0038,0.0112,0.021
194312,0.056993026,-2.951317768,-2.51889685,0.787401575,0.01535659,-0.432420918,0.0038,0.0108,0.021
194401,0.014989805,-2.961175128,-2.537755317,0.77874818,0.017168931,-0.423419811,0.0038,0.0104,0.021
194402,-0.002851472,-2.953219121,-2.538786241,0.785033015,0.017361406,-0.41443288,0.0038,0.0098,0.0209
194403,0.016462301,-2.96460773,-2.559142622,0.813886488,0.017220508,-0.405465108,0.0038,0.0096,0.0209
194404,-0.012874337,-2.946688601,-2.55017521,0.829601351,0.018040483,-0.396513391,0.0038,0.0094,0.021
194405,0.039325238,-2.980996043,-2.593421393,0.794431946,0.016324338,-0.38757465,0.0038,0.009,0.0209
194406,0.049437032,-3.025445171,-2.64679132,0.761558161,0.016226833,-0.378653851,0.0038,0.0086,0.021
194407,-0.021337243,-2.999148014,-2.633043818,0.773389912,0.006536863,-0.366104196,0.0038,0.0085,0.0209
194408,0.00830075,-3.002514975,-2.648986492,0.76875978,0.006260568,-0.353528482,0.0038,0.0084,0.0209
194409,-0.003441619,-2.994168552,-2.653241965,0.772332718,0.007000866,-0.340926587,0.0038,0.0084,0.0209
194410,-0.000316617,-2.994168552,-2.642192128,0.771173139,0.004704844,-0.351976423,0.0038,0.0083,0.0209
194411,0.003588113,-2.998073281,-2.635167788,0.766985678,0.003966345,-0.362905494,0.0038,0.0081,0.0209
194412,0.034156349,-3.032546247,-2.658829837,0.743763575,0.010117414,-0.37371641,0.0038,0.0079,0.0208
194501,0.01388923,-3.041557794,-2.662340394,0.735341967,0.010251349,-0.3792174,0.0038,0.0077,0.0202
194502,0.05947793,-3.096183337,-2.711552832,0.704488778,0.009120931,-0.384630506,0.0038,0.0076,0.0198
194503,-0.047569501,-3.043789569,-2.653828647,0.767882643,0.009985264,-0.389960922,0.0038,0.0076,0.0198
194504,0.084002969,-3.128109154,-2.724355253,0.715062863,0.00948951,-0.403753901,0.0038,0.0075,0.019
194505,0.011073791,-3.139499562,-2.722139328,0.702911468,0.013888813,-0.417360234,0.0038,0.007,0.0188
194506,-0.00365329,-3.136162889,-2.705379973,0.718843046,0.014163769,-0.430782916,0.0038,0.0068,0.0179
194507,-0.020573893,-3.110791022,-2.688461263,0.726301572,0.015012599,-0.422329759,0.0038,0.0066,0.0186
194508,0.056045664,-3.162063215,-2.748174301,0.678753801,0.012979158,-0.413888915,0.0038,0.0065,0.0185
194509,0.040737459,-3.198054497,-2.792589389,0.656820832,0.011872323,-0.405465108,0.0038,0.0062,0.0183
194510,0.029554547,-3.22792566,-2.832612924,0.63397642,0.013045091,-0.395312737,0.0038,0.0058,0.0178
194511,0.031600986,-3.259843263,-2.874787027,0.617883631,0.013676533,-0.385056236,0.0038,0.0053,0.0172
194512,0.009524273,-3.269684153,-2.894990704,0.613239334,0.020959882,-0.374693449,0.0038,0.0049,0.0161
194601,0.06706205,-3.327011983,-2.983422779,0.578003616,0.024287506,-0.343589204,0.0038,0.0047,0.0161
194602,-0.072314229,-3.245065036,-2.932931372,0.622336788,0.02704032,-0.312133663,0.0038,0.0047,0.016
194603,0.044939975,-3.280468836,-3.000166871,0.614852676,0.027944614,-0.280301965,0.0038,0.0047,0.016
194604,0.036603972,-3.317389424,-3.059560315,0.593412971,0.028213521,-0.257829109,0.0038,0.005,0.0169
194605,0.021824509,-3.33953055,-3.104690959,0.578010175,0.029383488,-0.234839591,0.0038,0.0051,0.0171
194606,-0.040204914,-3.299642252,-3.088333159,0.596731835,0.03033119,-0.211309094,0.0038,0.0054,0.0168
194607,-0.026149325,-3.268920046,-3.042853064,0.608751736,0.036291671,-0.226066983,0.0038,0.0055,0.0171
194608,-0.076053463,-3.188316037,-2.947848569,0.648554363,0.040040483,-0.240467468,0.0038,0.0052,0.0179
194609,-0.10734686,-3.076443654,-2.821913789,0.711634381,0.045376468,-0.254529865,0.0038,0.0052,0.0181
194610,-0.008370351,-3.058773982,-2.752134122,0.725391664,0.044808398,-0.30663986,0.0038,0.0055,0.0178
194611,-0.011838262,-3.037729407,-2.682480124,0.722699965,0.044099235,-0.355249283,0.0038,0.0058,0.0182
194612,0.04173162,-3.070343137,-2.66958392,0.692437923,0.053595826,-0.400759217,0.0038,0.0056,0.0174
194701,0.022940246,-3.088916617,-2.628892058,0.680004434,0.048217711,-0.46002456,0.0038,0.0056,0.0176
194702,-0.015112641,-3.069457648,-2.55399211,0.685858021,0.0503799,-0.515465538,0.0038,0.0057,0.0176
194703,-0.01731049,-3.04782386,-2.480302893,0.741534989,0.050863635,-0.567520967,0.0038,0.006,0.0175
194704,-0.039985683,-2.989806109,-2.396978683,0.770042194,0.05223221,-0.592827426,0.0038,0.0063,0.0179
194705,-0.009272929,-2.962830391,-2.346200779,0.776366322,0.047192904,-0.616629612,0.0038,0.0064,0.0178
194706,0.050942075,-2.996389952,-2.357309993,0.741116751,0.046887742,-0.639079959,0.0038,0.0066,0.0178
194707,0.034972129,-3.018839849,-2.367685532,0.717327219,0.040160407,-0.651154317,0.0066,0.0063,0.0148
194708,-0.028940725,-2.977620524,-2.314846644,0.734693878,0.04292842,-0.66277388,0.0075,0.0061,0.0135
194709,-0.014468833,-2.95107911,-2.277101845,0.740323399,0.044029565,-0.673977264,0.008,0.0062,0.0133
194710,0.020248808,-2.951158002,-2.285238047,0.722732523,0.042544988,-0.665919955,0.0085,0.0065,0.0132
194711,-0.029696727,-2.901777855,-2.243649296,0.731992647,0.0459125,-0.658128559,0.0092,0.0067,0.0137
194712,0.019678163,-2.902206216,-2.251618649,0.725325679,0.029166134,-0.650587566,0.0095,0.0066,0.0148
194801,-0.041493845,-2.857560371,-2.190442319,0.751888304,0.03115062,-0.667118052,0.0097,0.0066,0.0146
194802,-0.048942647,-2.805505144,-2.122247646,0.787769784,0.029072983,-0.683257497,0.01,0.0068,0.0141
194803,0.073479047,-2.875888292,-2.176875992,0.841422122,0.027164675,-0.6990123,0.01,0.007,0.0141
194804,0.025346519,-2.902067798,-2.174235059,0.82599302,0.027519487,-0.727832739,0.01,0.0069,0.0139
194805,0.074427883,-2.977328667,-2.221482892,0.781692356,0.025573223,-0.755845775,0.01,0.0062,0.0131
194806,0.002158341,-2.980319995,-2.197224577,0.786973504,0.024368971,-0.783095417,0.01,0.0058,0.0138
194807,-0.055464551,-2.917875501,-2.105649497,0.822257762,0.022750385,-0.812226004,0.01,0.0056,0.0141
194808,0.006659518,-2.917666761,-2.077564782,0.82053822,0.019797336,-0.84010198,0.0106,0.006,0.0136
194809,-0.031425229,-2.879456722,-2.012646047,0.836231071,0.019688098,-0.866810675,0.0109,0.0061,0.0133
194810,0.064654137,-2.922315506,-2.043420995,0.791905672,0.018690788,-0.878894511,0.0112,0.0066,0.0131
194811,-0.115488156,-2.785553762,-1.895237013,0.870911215,0.018584243,-0.890316749,0.0114,0.0069,0.0125
194812,0.029086145,-2.793866121,-1.89274361,0.840947547,0.015026312,-0.90112251,0.0116,0.0074,0.0121
194901,0.0003404,-2.777418237,-1.881043167,0.832402858,0.01330503,-0.89637507,0.0117,0.0075,0.0116
194902,-0.041194423,-2.719746587,-1.827975126,0.861550907,0.017211424,-0.891771461,0.0117,0.0074,0.0114
194903,0.028677243,-2.73224493,-1.844941735,0.901750423,0.014771834,-0.887303195,0.0117,0.0077,0.011
194904,-0.022451861,-2.69725421,-1.820665798,0.917499713,0.014255442,-0.876588413,0.0117,0.0075,0.011
194905,-0.039001921,-2.645889637,-1.77985179,0.948562604,0.015867906,-0.866037848,0.0117,0.0074,0.011
194906,-0.003090928,-2.630618461,-1.774952351,0.953888424,0.01519133,-0.85566611,0.0117,0.0076,0.01
194907,0.059442591,-2.684392763,-1.836633045,0.907799,0.01804206,-0.847759719,0.0102,0.0079,0.0114
194908,0.011030743,-2.689823755,-1.849924651,0.893876637,0.017969567,-0.839899105,0.0104,0.0078,0.0106
194909,0.022486419,-2.706767327,-1.874694674,0.875020547,0.021894047,-0.832072653,0.0107,0.0077,0.0105
194910,0.028222945,-2.704319637,-1.913601699,0.842566213,0.021380079,-0.790717939,0.0105,0.0075,0.0107
194911,0.000346511,-2.674976202,-1.924758714,0.833724876,0.02271765,-0.750217488,0.0108,0.0075,0.0104
194912,0.04174714,-2.687966833,-1.977427909,0.796429284,0.026499379,-0.710538923,0.011,0.0073,0.0099
195001,0.016263839,-2.696388261,-1.987423365,0.791416819,0.027460986,-0.708964897,0.0107,0.0067,0.0108
195002,0.008988397,-2.697651494,-1.990240153,0.784998034,0.025899025,-0.707411341,0.0112,0.0066,0.0102
195003,0.003123903,-2.693124551,-1.987238345,0.825527785,0.029588802,-0.705886206,0.0112,0.0066,0.0103
195004,0.04316693,-2.728738666,-2.007733157,0.796497471,0.027652145,-0.721005509,0.0115,0.0063,0.0099
195005,0.037573169,-2.758839167,-2.023192072,0.761346343,0.029738973,-0.735647094,0.0116,0.0064,0.0097
195006,-0.06075084,-2.690677951,-1.940835427,0.813447468,0.03170544,-0.749842524,0.0115,0.0066,0.0101
195007,0.007477419,-2.663649863,-1.925931682,0.812320917,0.031315288,-0.737718181,0.0116,0.0067,0.0098
195008,0.030994403,-2.661379545,-1.935110908,0.784340849,0.030657329,-0.726268637,0.012,0.0062,0.0094
195009,0.053327292,-2.682668128,-1.96721519,0.751457855,0.027059357,-0.715452938,0.013,0.0057,0.009
195010,0.003013604,-2.652284205,-1.956721065,0.755966401,0.028026774,-0.69556314,0.0131,0.0055,0.0094
195011,-0.002157282,-2.617927958,-1.941307737,0.747363796,0.026189262,-0.676620221,0.0136,0.0055,0.0088
195012,0.043981779,-2.630762576,-1.972220925,0.722538442,0.031866602,-0.658541651,0.0134,0.0053,0.009
195101,0.058326221,-2.678928522,-2.032836413,0.683599244,0.02974359,-0.646092109,0.0134,0.0051,0.0087
195102,0.005310037,-2.674227322,-2.040457271,0.674866098,0.03085788,-0.633770051,0.0136,0.005,0.0092
195103,-0.019685034,-2.644680587,-2.02311421,0.7813946,0.032494612,-0.621566377,0.014,0.0045,0.0101
195104,0.045784176,-2.682957508,-2.083164916,0.749430788,0.03191643,-0.599792592,0.0147,0.0048,0.0101
195105,-0.042707446,-2.632878503,-2.054959306,0.777889045,0.030564544,-0.577919197,0.0155,0.0051,0.0099
195106,-0.02757448,-2.597930038,-2.041983979,0.800362677,0.036078943,-0.555946059,0.0145,0.0055,0.0114
195107,0.065145944,-2.672956726,-2.134501319,0.753121849,0.032450083,-0.538455407,0.0156,0.0059,0.0096
195108,0.037184574,-2.720152782,-2.199805224,0.718593895,0.030227432,-0.520347558,0.0162,0.0062,0.0084
195109,-0.002216887,-2.728024812,-2.226452394,0.716182328,0.028633195,-0.501572418,0.0163,0.0062,0.009
195110,-0.015135546,-2.738592551,-2.221937646,0.740232514,0.028951708,-0.516654906,0.0154,0.0061,0.01
195111,-0.003918101,-2.760998803,-2.228749073,0.74329238,0.03144941,-0.53224973,0.0156,0.006,0.0108
195112,0.036720486,-2.824834577,-2.276426242,0.721316347,0.03599303,-0.548408335,0.0173,0.006,0.0096
195201,0.014138456,-2.837921594,-2.297350269,0.717425838,0.035051023,-0.540571325,0.0157,0.0061,0.0111
195202,-0.038417579,-2.7984261,-2.265727611,0.746693325,0.034631663,-0.532698489,0.0154,0.006,0.0115
195203,0.045293598,-2.842695996,-2.31788413,0.751874119,0.031945608,-0.524811866,0.0159,0.0055,0.0104
195204,-0.045348984,-2.791636917,-2.282210874,0.786399099,0.033043562,-0.509426043,0.0157,0.0057,0.0097
195205,0.021501356,-2.807560303,-2.313541798,0.770517989,0.031946587,-0.494018505,0.0167,0.0056,0.009
195206,0.043655463,-2.845710987,-2.367123614,0.738715088,0.027671236,-0.478587373,0.017,0.0056,0.0089
195207,0.015967434,-2.863185618,-2.381751872,0.724710259,0.027783732,-0.481433746,0.0181,0.0055,0.008
195208,-0.016197907,-2.848511549,-2.364243759,0.736620128,0.027916439,-0.48426779,0.0183,0.0057,0.0084
195209,-0.021194652,-2.828740883,-2.34164282,0.748678911,0.030943054,-0.487098063,0.0171,0.0057,0.0106
195210,-0.002264278,-2.837161175,-2.335195079,0.752516436,0.029852836,-0.501966097,0.0174,0.0053,0.0095
195211,0.043903769,-2.891934163,-2.37503427,0.714235352,0.026519908,-0.516899892,0.0185,0.0055,0.0087
195212,0.033109249,-2.936193055,-2.404314022,0.694073313,0.026425724,-0.531879033,0.0209,0.0054,0.007
195301,-0.008808613,-2.929016443,-2.3929794,0.699175208,0.025802935,-0.536037043,0.0196,0.0049,0.0083
195302,-0.020003499,-2.910653264,-2.370475429,0.712702712,0.026367741,-0.540177836,0.0197,0.0046,0.009
195303,-0.025507507,-2.886819356,-2.342517803,0.762496874,0.023785718,-0.544301553,0.0201,0.0045,0.0093
195304,-0.028673277,-2.857610499,-2.304752346,0.776706096,0.026038874,-0.552858152,0.0219,0.0042,0.0084
195305,-0.005053063,-2.851995392,-2.290704038,0.78375202,0.027024598,-0.561291354,0.0216,0.0044,0.0098
195306,-0.018191013,-2.833213344,-2.263587463,0.795496906,0.027228481,-0.569625882,0.0211,0.0046,0.009
195307,0.023256717,-2.858168617,-2.283246031,0.774929189,0.025882997,-0.574922586,0.0204,0.0058,0.0097
195308,-0.061212684,-2.79865449,-2.218459164,0.816935916,0.027752175,-0.580195326,0.0204,0.0061,0.0099
195309,-0.000204933,-2.799940113,-2.214503625,0.808210877,0.025540235,-0.585436488,0.0179,0.0059,0.0105
195310,0.048558116,-2.842629995,-2.269452242,0.77372104,0.024338513,-0.573177753,0.0138,0.0066,0.0143
195311,0.007725728,-2.844586334,-2.28364999,0.758431958,0.025438669,-0.560936344,0.0144,0.0064,0.0142
195312,0.000684905,-2.839683241,-2.290964045,0.759700961,0.02455226,-0.548719197,0.016,0.0061,0.0114
195401,0.048939089,-2.885015728,-2.335589279,0.729847122,0.023211535,-0.549426449,0.0118,0.0065,0.0173
195402,0.001872447,-2.88313453,-2.332996993,0.72451959,0.022438262,-0.550137537,0.0097,0.0066,0.0182
195403,0.028905015,-2.90834977,-2.357518812,0.804915818,0.021990539,-0.550830958,0.0103,0.0065,0.0175
195404,0.047027199,-2.960732717,-2.396246597,0.765039301,0.020862471,-0.56448612,0.0097,0.0062,0.0176
195405,0.031745675,-2.997673176,-2.41959633,0.745976976,0.018483554,-0.578076846,0.0076,0.0059,0.0203
195406,0.00015174,-3.00294756,-2.411336799,0.732467844,0.018296142,-0.591610761,0.0064,0.0059,0.0208
195407,0.054997789,-3.053955716,-2.465664222,0.702172913,0.017688783,-0.588291494,0.0072,0.0061,0.0194
195408,-0.0353605,-3.014799938,-2.429797714,0.727516379,0.017581945,-0.585002224,0.0092,0.0062,0.0177
195409,0.079020869,-3.090114379,-2.508392934,0.677745103,0.016907679,-0.581721445,0.0101,0.0058,0.017
195410,-0.020507546,-3.054677041,-2.471112082,0.693758164,0.017593444,-0.583564959,0.0098,0.0059,0.0173
195411,0.076934284,-3.116877409,-2.531539155,0.631641544,0.014216112,-0.585338254,0.0093,0.0056,0.0181
195412,0.048610803,-3.151180812,-2.564115908,0.604119785,0.025978579,-0.587064904,0.0115,0.0055,0.0157
195501,0.016888198,-3.164763344,-2.559414878,0.597558888,0.025294133,-0.605348466,0.0122,0.0052,0.0164
195502,0.002568196,-3.164009284,-2.540848496,0.593148324,0.026982119,-0.623160788,0.0117,0.0054,0.0175
195503,-0.005974753,-3.154815822,-2.514312375,0.607761777,0.026950743,-0.640503447,0.0128,0.0046,0.016
195504,0.035707208,-3.189714812,-2.522483783,0.584987666,0.025399714,-0.667231029,0.0159,0.0048,0.0131
195505,-0.002525648,-3.186262582,-2.493118593,0.586075413,0.024373706,-0.693143989,0.0145,0.0046,0.0142
195506,0.077914267,-3.263227887,-2.544922147,0.551641632,0.024390767,-0.71830574,0.0141,0.0046,0.0152
195507,0.057584651,-3.311583122,-2.581321392,0.534506815,0.023820594,-0.730261731,0.016,0.0046,0.014
195508,-0.009425259,-3.293294709,-2.5514533,0.531846726,0.025742363,-0.741841409,0.019,0.0045,0.0111
195509,0.009560429,-3.294235218,-2.541189896,0.533624791,0.02477461,-0.753045322,0.0207,0.0046,0.0091
195510,-0.032785711,-3.259197285,-2.492969297,0.54740915,0.024240868,-0.766227988,0.0223,0.0049,0.0069
195511,0.07033489,-3.327311206,-2.548171537,0.51525059,0.025189437,-0.779139669,0.0224,0.0048,0.0071
195512,-0.002773843,-3.322576427,-2.530798643,0.50982801,0.025245104,-0.791777784,0.0254,0.0047,0.0041
195601,-0.039188654,-3.267266708,-2.487192236,0.528954412,0.026417921,-0.780074472,0.0241,0.0049,0.0051
195602,0.032167844,-3.283561394,-2.514905752,0.514835108,0.024183983,-0.768655642,0.0232,0.005,0.0061
195603,0.065088452,-3.333029933,-2.575524884,0.5310772,0.026654931,-0.75750505,0.0225,0.005,0.0078
195604,-0.004229159,-3.317569668,-2.581623358,0.526621716,0.026166232,-0.73594631,0.026,0.0044,0.0051
195605,-0.070162056,-3.236356261,-2.521864439,0.568559774,0.029105817,-0.714491823,0.0261,0.0045,0.0038
195606,0.036339163,-3.261722435,-2.568575255,0.551564593,0.025460548,-0.693147181,0.0249,0.005,0.005
195607,0.048315725,-3.304583041,-2.631862783,0.524902957,0.024618571,-0.672720258,0.0231,0.0052,0.0082
195608,-0.040972082,-3.258445578,-2.606273346,0.541391124,0.02364777,-0.652172232,0.026,0.005,0.0065
195609,-0.048893909,-3.204644605,-2.573141587,0.571909521,0.029129906,-0.631503017,0.0284,0.0051,0.004
195610,0.002645096,-3.227983652,-2.583029997,0.566427008,0.029184819,-0.644953655,0.029,0.0058,0.0039
195611,-0.013518902,-3.235579554,-2.576849745,0.574897415,0.026838824,-0.658729809,0.0299,0.0055,0.0034
195612,0.031991442,-3.289216447,-2.616389269,0.544176827,0.025968701,-0.672827178,0.0321,0.0062,0.0024
195701,-0.045269045,-3.248451342,-2.574685554,0.567242675,0.027643814,-0.673765788,0.0311,0.0072,0.0017
195702,-0.035772411,-3.217184007,-2.542474056,0.584994189,0.029769246,-0.67470995,0.031,0.008,0.0018
195703,0.016894715,-3.238565106,-2.562911082,0.599818875,0.026252373,-0.675654023,0.0308,0.0077,0.0023
195704,0.033731608,-3.27485178,-2.597237914,0.57609839,0.027084319,-0.677613866,0.0307,0.0077,0.0038
195705,0.033734997,-3.311133531,-2.631566586,0.56403858,0.02858925,-0.679566946,0.0306,0.0078,0.0042
195706,-0.004003738,-3.309867708,-2.628348566,0.565876532,0.03035099,-0.681519143,0.0329,0.0072,0.0032
195707,0.008705262,-3.315439138,-2.634821272,0.560056635,0.032139271,-0.680617866,0.0316,0.0074,0.0049
195708,-0.060589181,-3.251923679,-2.572200484,0.588004542,0.035635293,-0.679723195,0.0337,0.0072,0.003
195709,-0.066856866,-3.18230614,-2.503465355,0.624150778,0.034110094,-0.678840785,0.0353,0.0081,0.0011
195710,-0.03556443,-3.144054865,-2.480531432,0.645746418,0.038197979,-0.663523433,0.0358,0.0089,0.0011
195711,0.013191682,-3.154367266,-2.506226266,0.633071776,0.040755164,-0.648141,0.0331,0.0101,0.0009
195712,-0.044881337,-3.106413803,-2.473716678,0.653675779,0.034652496,-0.632697125,0.0304,0.0122,0.0019
195801,0.039840437,-3.152018726,-2.538601918,0.632860762,0.029838174,-0.613416808,0.0244,0.0123,0.0086
195802,-0.022113323,-3.134921168,-2.54131533,0.647390435,0.02764915,-0.593605837,0.0153,0.0107,0.0172
195803,0.029303,-3.169068194,-2.595824941,0.668591638,0.028763281,-0.573243253,0.013,0.0105,0.0191
195804,0.030391711,-3.207960704,-2.649703114,0.655245031,0.026939564,-0.55825759,0.0113,0.0107,0.0198
195805,0.014094278,-3.230435922,-2.687620711,0.645558677,0.022763656,-0.542815211,0.0091,0.0105,0.0222
195806,0.025057224,-3.263860243,-2.736979228,0.62466017,0.021255084,-0.526881015,0.0083,0.0098,0.0241
195807,0.041442309,-3.306060597,-2.784885249,0.593848784,0.016790099,-0.521175348,0.0091,0.0086,0.0252
195808,0.010389719,-3.317857658,-2.802417266,0.587263826,0.014886103,-0.515440393,0.0169,0.0082,0.0202
195809,0.04521195,-3.365100877,-2.855431992,0.561371197,0.013849507,-0.509668886,0.0244,0.0078,0.0136
195810,0.022863822,-3.38630589,-2.8793295,0.549869298,0.012103187,-0.50697639,0.0263,0.0081,0.0111
195811,0.01993424,-3.404635067,-2.900328556,0.535823198,0.011411693,-0.504306511,0.0267,0.0078,0.0101
195812,0.048406278,-3.451528308,-2.949887594,0.51177932,0.023488247,-0.501640714,0.0277,0.0077,0.0105
195901,0.0014492,-3.451520568,-2.928626903,0.502895818,0.027566343,-0.522893665,0.0282,0.0075,0.0126
195902,-0.002427929,-3.447556016,-2.903998563,0.494946147,0.027750979,-0.543557453,0.027,0.0075,0.0132
195903,-0.001789343,-3.444321808,-2.880678629,0.516860282,0.02483265,-0.56364318,0.028,0.0072,0.0123
195904,0.03559227,-3.478608116,-2.888115926,0.498597194,0.024211962,-0.59049219,0.0295,0.0063,0.0119
195905,0.016386141,-3.49361655,-2.877167903,0.48307678,0.025721125,-0.616448648,0.0284,0.0059,0.0133
195906,-0.00625658,-3.486298182,-2.844738371,0.483219391,0.026774931,-0.641559812,0.0321,0.0058,0.0098
195907,0.031631721,-3.516873689,-2.876096349,0.460822665,0.02694799,-0.64077734,0.032,0.0061,0.0097
195908,-0.017965774,-3.498020618,-2.858015023,0.468084466,0.027989028,-0.640005595,0.0338,0.0066,0.0085
195909,-0.050072801,-3.44761694,-2.808383524,0.492337893,0.030326639,-0.639233416,0.0404,0.0066,0.0025
195910,0.00781961,-3.455127559,-2.823466321,0.48097742,0.030811969,-0.631661238,0.0405,0.0071,0.0016
195911,0.009673901,-3.464594482,-2.840504617,0.471798295,0.029452307,-0.624089864,0.0415,0.007,0.0017
195912,0.023515881,-3.488193579,-2.871679625,0.457783797,0.022666571,-0.616513955,0.0449,0.007,-0.0002
196001,-0.077764951,-3.394206946,-2.79753312,0.499502104,0.02192001,-0.596673827,0.0435,0.0073,0.0006
196002,0.005834647,-3.383887272,-2.806662334,0.493556783,0.023856498,-0.577224938,0.0396,0.0078,0.0033
196003,-0.016750817,-3.350808001,-2.792666053,0.549798083,0.025399289,-0.558141948,0.0331,0.0076,0.008
196004,-0.020371494,-3.331409535,-2.78784671,0.56340369,0.025373496,-0.543562825,0.0323,0.0075,0.0103
196005,0.023760913,-3.356191139,-2.827380309,0.541966427,0.024328107,-0.52881083,0.0329,0.0082,0.0088
196006,0.017287512,-3.373817401,-2.859919578,0.529174862,0.024180531,-0.513897823,0.0246,0.0081,0.0161
196007,-0.026998421,-3.348733812,-2.833815038,0.549673277,0.025687681,-0.514918774,0.023,0.0081,0.0152
196008,0.02387125,-3.374519895,-2.85857815,0.541542197,0.025129791,-0.515941745,0.023,0.008,0.016
196009,-0.064358385,-3.312226043,-2.795265431,0.584341711,0.028237795,-0.516960612,0.0248,0.0076,0.0139
196010,-0.004346786,-3.30979409,-2.792833478,0.584120201,0.027792646,-0.516960612,0.023,0.0081,0.0161
196011,0.037506967,-3.349274109,-2.832313497,0.567630019,0.026070037,-0.516960612,0.0237,0.0077,0.0162
196012,0.04336104,-3.394508394,-2.877547781,0.550422965,0.022740016,-0.516960612,0.0225,0.0075,0.0155
196101,0.059376995,-3.457459467,-2.95730875,0.522986732,0.02180299,-0.500150717,0.0224,0.0078,0.018
196102,0.024500254,-3.485691581,-3.002692124,0.512022716,0.019421195,-0.482999456,0.0242,0.008,0.015
196103,0.023225658,-3.512621948,-3.04713883,0.546679869,0.022785999,-0.465483118,0.0239,0.008,0.0158
196104,0.001928728,-3.516457191,-3.057467602,0.545004494,0.023285069,-0.458989589,0.0229,0.0076,0.0162
196105,0.017052118,-3.535415823,-3.082962206,0.530916293,0.022492767,-0.452453618,0.0229,0.0074,0.0168
196106,-0.031210166,-3.506145441,-3.060270795,0.540821101,0.02251497,-0.445874646,0.0233,0.007,0.0171
196107,0.030405758,-3.534983878,-3.090342578,0.524405631,0.025225008,-0.4446413,0.0224,0.0068,0.018
196108,0.017442803,-3.551000979,-3.107584277,0.513792816,0.025460051,-0.443416702,0.0239,0.0066,0.0171
196109,-0.021780158,-3.527710154,-3.085513036,0.527516721,0.025548271,-0.442197117,0.0228,0.0067,0.0175
196110,0.026014578,-3.545487193,-3.098256697,0.525485851,0.026401554,-0.447230496,0.023,0.0071,0.017
196111,0.036528222,-3.574029612,-3.121894045,0.512610865,0.026107487,-0.452135567,0.0248,0.0072,0.0156
196112,0.00105539,-3.567298995,-3.110375589,0.505922258,0.022919403,-0.456923405,0.026,0.0068,0.0155
196201,-0.040875636,-3.525390919,-3.053129975,0.528428571,0.025302426,-0.472260944,0.0272,0.0066,0.0147
196202,0.013866263,-3.538248807,-3.050975461,0.522420733,0.029393501,-0.487273346,0.0273,0.0065,0.0141
196203,-0.008141833,-3.529096111,-3.027133174,0.545724592,0.024697783,-0.501962937,0.0272,0.0065,0.0126
196204,-0.066245557,-3.461858696,-2.953318414,0.579862625,0.025806983,-0.508540282,0.0273,0.0069,0.0121
196205,-0.092153132,-3.368695938,-2.853655824,0.628994392,0.02836645,-0.515040114,0.0269,0.0072,0.0124
196206,-0.087653851,-3.280071386,-2.758622775,0.687357469,0.027090965,-0.521448611,0.0273,0.0074,0.0128
196207,0.05919294,-3.33846207,-2.81449895,0.64522603,0.030367348,-0.52396312,0.0292,0.0071,0.012
196208,0.012821348,-3.350413266,-2.823953239,0.633310352,0.029210364,-0.526460027,0.0282,0.0071,0.0119
196209,-0.051721731,-3.29779364,-2.768863662,0.666344261,0.029865538,-0.528929977,0.0278,0.0071,0.012
196210,0.002152294,-3.294244186,-2.760162358,0.654153314,0.027380953,-0.534081828,0.0274,0.0071,0.0121
196211,0.09436905,-3.383054263,-2.843925673,0.594178346,0.024198298,-0.53912859,0.0283,0.0071,0.0113
196212,0.011012793,-3.38859879,-2.844529107,0.591627051,0.019320952,-0.544069682,0.0287,0.0068,0.0108
196301,0.045537629,-3.433431921,-2.888863229,0.564984989,0.016526279,-0.544568692,0.0291,0.007,0.0107
196302,-0.031706742,-3.401043404,-2.855971684,0.581953118,0.012608927,-0.54507172,0.0292,0.007,0.0108
196303,0.03244449,-3.432786183,-2.887222149,0.587528571,0.013752752,-0.545564034,0.0289,0.0069,0.0112
196304,0.044966233,-3.472442583,-2.922990564,0.558729274,0.01459955,-0.549452019,0.029,0.0066,0.0115
196305,0.0117863,-3.479007766,-2.925734634,0.551612193,0.014097167,-0.553273132,0.0293,0.0063,0.0113
196306,-0.022893071,-3.450997137,-2.893982131,0.567281575,0.017781139,-0.557015006,0.0299,0.0061,0.0108
196307,-0.006112202,-3.446018938,-2.880153636,0.576621659,0.009463241,-0.565865301,0.0318,0.0058,0.0089
196308,0.044834925,-3.49210197,-2.917494908,0.549827236,0.009656919,-0.574607062,0.0332,0.0054,0.0076
196309,-0.013908522,-3.479498232,-2.896246722,0.547223625,0.010458638,-0.58325151,0.0338,0.0053,0.0072
196310,0.028838597,-3.500706474,-2.9229184,0.530964077,0.0103707,-0.577788074,0.0345,0.0051,0.007
196311,-0.013524086,-3.479714898,-2.907310812,0.534296221,0.006039843,-0.572404086,0.0352,0.0051,0.0062
196312,0.021220532,-3.493579302,-2.926472842,0.525591454,0.008938387,-0.56710646,0.0352,0.005,0.0065
196401,0.023640983,-3.51286452,-2.939863921,0.510606871,0.014262203,-0.573000599,0.0352,0.0044,0.0069
196402,0.006879315,-3.515453386,-2.936670645,0.501162297,0.017288734,-0.578782741,0.0353,0.0047,0.0071
196403,0.012107567,-3.523326388,-2.938883409,0.523675442,0.017686042,-0.584442979,0.0354,0.0045,0.007
196404,0.003171601,-3.522256448,-2.933051757,0.525303107,0.020667356,-0.589204691,0.0347,0.0045,0.0076
196405,0.008491419,-3.526569331,-2.932687963,0.51903578,0.021023708,-0.593881368,0.0348,0.0044,0.0074
196406,0.01339482,-3.535831108,-2.937364053,0.512206855,0.020345441,-0.598467054,0.0348,0.0044,0.0071
196407,0.015196154,-3.545538197,-2.944718773,0.506360718,0.02114921,-0.600819424,0.0346,0.0043,0.0075
196408,-0.019275431,-3.520876384,-2.917751118,0.507942944,0.020565101,-0.603125266,0.035,0.0041,0.0073
196409,0.02537609,-3.540959324,-2.935568955,0.486537121,0.020292834,-0.605390369,0.0353,0.004,0.0068
196410,0.005074893,-3.54084149,-2.937665717,0.487813259,0.020015923,-0.603175773,0.0357,0.0039,0.0064
196411,-0.008227241,-3.52754578,-2.926555892,0.486503775,0.019061685,-0.600989888,0.0364,0.0038,0.0058
196412,0.000706515,-3.523415014,-2.924578513,0.4872273,0.023053757,-0.598836501,0.0384,0.0037,0.0039
196501,0.029448556,-3.549387674,-2.947719021,0.471723191,0.017886486,-0.601668652,0.0381,0.0037,0.0041
196502,-0.004755448,-3.54130383,-2.936842037,0.471399478,0.014813021,-0.604461793,0.0393,0.0037,0.0031
196503,-0.017902089,-3.520112674,-2.912907923,0.469489905,0.019147267,-0.607204751,0.0393,0.0036,0.0029
196504,0.03039588,-3.545965663,-2.93524259,0.452559335,0.014713083,-0.610723073,0.0393,0.0037,0.0029
196505,-0.011009797,-3.530440313,-2.916263217,0.454664285,0.016318733,-0.614177096,0.0389,0.0037,0.0034
196506,-0.053015501,-3.472894129,-2.85532963,0.480858956,0.01755078,-0.617564499,0.038,0.0039,0.0043
196507,0.010148874,-3.479871232,-2.859077026,0.473382176,0.015643601,-0.620794206,0.0384,0.004,0.004
196508,0.019077228,-3.495820749,-2.871846019,0.467360878,0.015602661,-0.62397473,0.0384,0.0039,0.0044
196509,0.028243549,-3.521039004,-2.893935236,0.448537471,0.016840036,-0.627103768,0.0392,0.0039,0.0041
196510,0.023625572,-3.540526611,-2.906955162,0.434420599,0.017473011,-0.633571449,0.0403,0.0037,0.003
196511,-0.012205508,-3.524288663,-2.884385997,0.440895311,0.020770751,-0.639902666,0.0409,0.0035,0.0032
196512,0.00526781,-3.525819721,-2.879717904,0.430637806,0.020768513,-0.646101817,0.0438,0.0034,0.0012
196601,0.001039033,-3.523350417,-2.874986839,0.424398328,0.020205388,-0.648363578,0.0459,0.0032,-0.0002
196602,-0.021901678,-3.498043492,-2.847455925,0.438496045,0.020018057,-0.650587566,0.0465,0.0034,0.0012
196603,-0.025874569,-3.468766378,-2.815991653,0.490175936,0.01672833,-0.652774725,0.0459,0.004,0.0001
196604,0.016458716,-3.483089206,-2.828830256,0.485498244,0.015664673,-0.65425895,0.0462,0.0045,0.0005
196605,-0.059520057,-3.421488948,-2.765761967,0.512742204,0.015893518,-0.65572698,0.0464,0.005,0.0009
196606,-0.020013024,-3.399311034,-2.742138955,0.520974601,0.017077859,-0.657172078,0.045,0.0051,0.0027
196607,-0.017536246,-3.378724526,-2.725546268,0.534943001,0.018538404,-0.653178258,0.048,0.0052,0.0002
196608,-0.085065054,-3.290791251,-2.641568652,0.574954656,0.02134418,-0.649222599,0.0496,0.0052,0.0003
196609,-0.01149355,-3.276818245,-2.631510124,0.585492496,0.016858335,-0.645308121,0.0537,0.006,-0.0057
196610,0.042000343,-3.325577639,-2.675542576,0.561661318,0.015057311,-0.650035063,0.0535,0.0069,-0.0068
196611,-0.001311176,-3.331002498,-2.676242636,0.57264493,0.01746053,-0.654759862,0.0532,0.0078,-0.0052
196612,-0.005617538,-3.33183112,-2.672345222,0.576945106,0.01718598,-0.659485898,0.0496,0.0079,-0.0041
196701,0.071346514,-3.403624988,-2.753640865,0.533363141,0.015716649,-0.649984123,0.0472,0.0077,-0.0024
196702,-0.0018319,-3.402119678,-2.7616636,0.540047893,0.017711355,-0.640456079,0.0456,0.0079,0.0009
196703,0.035109533,-3.43731869,-2.806413818,0.549550798,0.014930903,-0.630904872,0.0426,0.0072,0.0029
196704,0.038176842,-3.478690423,-2.855152067,0.530516694,0.015049434,-0.623538356,0.0384,0.0072,0.0093
196705,-0.056861826,-3.424824105,-2.808706934,0.558201182,0.011460818,-0.616117172,0.036,0.0072,0.0122
196706,0.014415117,-3.44218488,-2.833544379,0.553204845,0.010149863,-0.608640501,0.0354,0.0071,0.0153
196707,0.040844034,-3.484233748,-2.879768541,0.526298328,0.006703434,-0.604465207,0.0421,0.0068,0.0084
196708,-0.015336219,-3.470160886,-2.869865807,0.528020948,0.005819974,-0.600295078,0.0427,0.0071,0.0087
196709,0.028582601,-3.500133193,-2.904009989,0.513564846,0.00559497,-0.596123204,0.0442,0.0075,0.0075
196710,-0.033279222,-3.47064677,-2.872638551,0.540955282,0.003636315,-0.598008219,0.0456,0.007,0.0093
196711,-0.002869523,-3.471711166,-2.871821479,0.543382697,0.002644863,-0.599889687,0.0473,0.0065,0.0094
196712,0.021804183,-3.497648463,-2.895880841,0.525792445,0.014249027,-0.601767622,0.0497,0.0074,0.0059
196801,-0.048996213,-3.449391453,-2.844186272,0.556302383,0.012760302,-0.605205181,0.05,0.0067,0.0036
196802,-0.035862134,-3.414263573,-2.805657725,0.566210589,0.010345517,-0.608605849,0.0498,0.007,0.0044
196803,0.005057193,-3.420224257,-2.808250366,0.566809806,0.01257013,-0.611973891,0.0517,0.0074,0.0043
196804,0.074272289,-3.494461393,-2.879062449,0.522352064,0.008008366,-0.615398945,0.0538,0.0076,0.0009
196805,0.006401684,-3.501077066,-2.882296827,0.53003337,0.010591248,-0.618780238,0.0566,0.0076,-0.0019
196806,0.004489597,-3.505687954,-2.883566287,0.530741813,0.012048786,-0.622121667,0.0552,0.0079,-0.0018
196807,-0.023065688,-3.482589219,-2.859544294,0.539637599,0.013821827,-0.623044925,0.0531,0.0074,-0.0014
196808,0.00716112,-3.489551134,-2.865595266,0.5318021,0.018032888,-0.623955868,0.0509,0.008,0.0011
196809,0.033499579,-3.522957342,-2.898096069,0.509195439,0.018286272,-0.624861273,0.0519,0.0082,0.0012
196810,0.002733283,-3.525749359,-2.899406355,0.500320247,0.019433327,-0.626343004,0.0535,0.0075,0.0008
196811,0.042318244,-3.56822521,-2.940417088,0.483717059,0.021231025,-0.627808122,0.0545,0.0082,0.0021
196812,-0.047461833,-3.521366277,-2.892106364,0.504900662,0.031947725,-0.629259913,0.0596,0.0078,0.0002
196901,-0.013321389,-3.509896474,-2.880422388,0.503673167,0.036477918,-0.629474086,0.0614,0.0073,0.0003
196902,-0.05361998,-3.458122039,-2.828435213,0.52639719,0.041258299,-0.629686827,0.0612,0.0064,0.0006
196903,0.02886006,-3.488755204,-2.858857054,0.557040236,0.039418221,-0.62989815,0.0602,0.0066,0.0018
196904,0.016169615,-3.506782952,-2.878960025,0.548422404,0.044212073,-0.627822927,0.0611,0.0065,-0.0018
196905,-0.007241322,-3.501352063,-2.875597044,0.555804429,0.04393278,-0.625755019,0.0604,0.0073,0.0031
196906,-0.062533474,-3.440970903,-2.817273111,0.596777334,0.045139859,-0.623697792,0.0644,0.0072,-0.0021
196907,-0.067881252,-3.376777314,-2.752357859,0.63901799,0.051144571,-0.624419455,0.07,0.0076,-0.0079
196908,0.033492097,-3.413948207,-2.78880919,0.622788986,0.046843897,-0.625139017,0.0698,0.0089,-0.0068
196909,-0.031232918,-3.386486531,-2.760632986,0.640888463,0.048317048,-0.625853545,0.0709,0.0091,-0.0032
196910,0.03747678,-3.428723112,-2.810171419,0.608768794,0.048546558,-0.618551693,0.07,0.0089,-0.0047
196911,-0.041925895,-3.391753786,-2.780543527,0.641511757,0.047804041,-0.611210259,0.0724,0.009,-0.0048
196912,-0.025326447,-3.371868511,-2.768036856,0.651082013,0.034260597,-0.603831655,0.0782,0.0093,-0.0095
197001,-0.086090936,-3.291261253,-2.697170992,0.700346746,0.034477017,-0.594090261,0.0787,0.0095,-0.0094
197002,0.045428018,-3.341558063,-2.757287393,0.670147507,0.035806455,-0.58427067,0.0713,0.0085,-0.0062
197003,-0.004058333,-3.341958497,-2.767580643,0.690326769,0.03584589,-0.574377854,0.0663,0.0079,-0.0002
197004,-0.100252034,-3.246066879,-2.679273572,0.736750581,0.035723797,-0.566793307,0.0651,0.0087,0.0048
197005,-0.068588083,-3.182110644,-2.622945114,0.774227628,0.038625379,-0.55916553,0.0684,0.0087,0.0059
197006,-0.056878902,-3.129735253,-2.57823859,0.793381417,0.042221273,-0.551496663,0.0668,0.0077,0.0041
197007,0.065372591,-3.199421828,-2.658679991,0.738707568,0.043040371,-0.540741837,0.0645,0.0096,0.0042
197008,0.038171291,-3.241871904,-2.711983959,0.709278297,0.038723356,-0.529887946,0.0641,0.0131,0.0053
197009,0.027378251,-3.273292762,-2.754349704,0.71291476,0.037964518,-0.518943058,0.0612,0.013,0.0068
197010,-0.016378462,-3.267066619,-2.757291548,0.717698284,0.037046346,-0.509775071,0.0591,0.013,0.0102
197011,0.041965854,-3.327171326,-2.818263835,0.682920072,0.035332806,-0.508907491,0.0528,0.0133,0.0109
197012,0.051163233,-3.385584682,-2.888312025,0.646426358,0.031536474,-0.497272657,0.0487,0.0148,0.0161
197101,0.035986554,-3.428474683,-2.92216083,0.624409902,0.030598753,-0.506313853,0.0444,0.0138,0.0168
197102,0.005954333,-3.44072822,-2.925396635,0.617070423,0.025807109,-0.515331586,0.037,0.0131,0.0259
197103,0.033322352,-3.4800943,-2.955767989,0.633811383,0.026390061,-0.524326311,0.0338,0.0125,0.0255
197104,0.032433119,-3.515738923,-2.985047853,0.608654101,0.026516026,-0.53069107,0.0386,0.012,0.0233
197105,-0.045890753,-3.473292233,-2.936274766,0.631409656,0.029640118,-0.537017467,0.0414,0.0109,0.021
197106,-0.003248167,-3.473994586,-2.930692374,0.643221043,0.027151736,-0.543302212,0.0475,0.0111,0.0166
197107,-0.046691989,-3.431792502,-2.88162108,0.667730625,0.025655336,-0.550171422,0.054,0.0112,0.0103
197108,0.031351025,-3.470493238,-2.91025983,0.638257597,0.026663618,-0.560233408,0.0494,0.0117,0.0116
197109,-0.010892688,-3.463501265,-2.896491728,0.64608483,0.027800351,-0.567009537,0.0469,0.0115,0.0129
197110,-0.046402037,-3.420809005,-2.837360742,0.683194279,0.029091222,-0.583448263,0.0446,0.0109,0.0142
197111,-0.006060706,-3.421510832,-2.818637674,0.689489258,0.029310255,-0.602873158,0.0422,0.0112,0.0174
197112,0.079330288,-3.504177216,-2.885388602,0.643900247,0.033892573,-0.618788613,0.0401,0.0113,0.0196
197201,0.015146325,-3.522136248,-2.896934907,0.635356973,0.032999035,-0.625201341,0.0338,0.0104,0.0268
197202,0.022325119,-3.547124485,-2.915553009,0.617585899,0.033013143,-0.631571475,0.032,0.0096,0.0282
197203,0.00279069,-3.553018687,-2.915115678,0.645901988,0.031749177,-0.637903009,0.0373,0.01,0.024
197204,0.001287848,-3.557393432,-2.910353292,0.636783802,0.032532786,-0.64704014,0.0371,0.0094,0.0244
197205,0.014057209,-3.574520923,-2.918424694,0.632442335,0.030724502,-0.656096229,0.0369,0.0093,0.0228
197206,-0.02531513,-3.552458829,-2.887389463,0.654015479,0.034324265,-0.665069366,0.0391,0.0097,0.0216
197207,-0.000980501,-3.554789506,-2.880272448,0.657049549,0.033471666,-0.674517058,0.0398,0.0102,0.0195
197208,0.030529214,-3.585411087,-2.90478844,0.63046704,0.031984482,-0.680622646,0.0402,0.01,0.0193
197209,-0.008748589,-3.574065796,-2.890643165,0.637385001,0.032992109,-0.683422631,0.0466,0.0087,0.014
197210,0.005331696,-3.576908821,-2.884831122,0.635884126,0.032465627,-0.692077699,0.0474,0.0085,0.0117
197211,0.040632194,-3.611946984,-2.914575405,0.596733483,0.031061949,-0.697371579,0.0478,0.0087,0.0099
197212,0.007542727,-3.620536236,-2.911690146,0.595674595,0.0342805,-0.70884609,0.0507,0.0085,0.0092
197301,-0.021757686,-3.60011719,-2.874892255,0.608196032,0.03569096,-0.725224936,0.0541,0.0075,0.0144
197302,-0.042866951,-3.561906051,-2.817518653,0.636183735,0.036337705,-0.744387398,0.056,0.0075,0.0128
197303,-0.006495858,-3.55418303,-2.797281335,0.676018128,0.036707404,-0.756901695,0.0609,0.0074,0.0077
197304,-0.046858633,-3.506277484,-2.734766935,0.697719848,0.0378377,-0.771510549,0.0626,0.0083,0.0061
197305,-0.024350379,-3.484102687,-2.695268492,0.713215962,0.039580764,-0.788834195,0.0636,0.0077,0.0067
197306,-0.012570055,-3.47131445,-2.668648743,0.720974308,0.038937376,-0.802665706,0.0719,0.0076,-0.0009
197307,0.030625592,-3.502438997,-2.684941436,0.693976684,0.037297066,-0.817497561,0.0801,0.0079,-0.0041
197308,-0.044573356,-3.462001876,-2.627011421,0.724337235,0.037334615,-0.834990455,0.0867,0.0085,-0.0139
197309,0.032428363,-3.489156614,-2.64618402,0.678808996,0.034300277,-0.842972594,0.0829,0.01,-0.0126
197310,-0.007290629,-3.475852468,-2.624723576,0.672081791,0.034573857,-0.851128892,0.0722,0.0081,-0.0033
197311,-0.12738518,-3.346055728,-2.484073733,0.781878991,0.038590256,-0.861981996,0.0783,0.0075,-0.0071
197312,0.010244488,-3.356589635,-2.481120898,0.755588463,0.012841074,-0.875468737,0.0745,0.008,-0.0019
197401,-0.01655106,-3.340627583,-2.462886818,0.751446438,0.01151495,-0.877740764,0.0777,0.0065,-0.0037
197402,-0.009546698,-3.331165765,-2.451185659,0.747097719,0.010766134,-0.879980106,0.0712,0.0068,0.0036
197403,-0.030166672,-3.301813405,-2.419623567,0.815184013,0.010207059,-0.882189838,0.0796,0.0061,-0.0013
197404,-0.046751482,-3.256215902,-2.364751499,0.824858082,0.009447355,-0.891464403,0.0833,0.0062,-0.0017
197405,-0.040961777,-3.216358373,-2.315810338,0.860416121,0.009047179,-0.900548035,0.0823,0.0068,-0.0013
197406,-0.021335803,-3.193049425,-2.286437107,0.860158772,0.007816028,-0.906612319,0.079,0.008,0.0022
197407,-0.087255029,-3.103603679,-2.191441684,0.911239322,0.007261381,-0.912161996,0.0755,0.0076,0.0068
197408,-0.102055868,-3.000595083,-2.083004917,1.017123994,0.006367088,-0.917590166,0.0896,0.0077,-0.0041
197409,-0.133771867,-2.873517426,-1.942296918,1.135440143,0.004984472,-0.931220509,0.0806,0.0094,0.0031
197410,0.144845776,-3.024560625,-2.101422084,1.037083784,0.003580264,-0.923138541,0.0746,0.0121,0.0049
197411,-0.060851954,-2.967132733,-2.054924769,1.115637022,0.007846465,-0.912207964,0.0747,0.0171,0.0024
197412,-0.026297957,-2.941235248,-2.042782225,1.120018175,0.008907642,-0.898453024,0.0715,0.0174,0.0045
197501,0.110633267,-3.051561966,-2.175254524,0.980829627,0.008596228,-0.876307442,0.0626,0.0198,0.017
197502,0.053588196,-3.101515043,-2.250331786,0.93390163,0.011740071,-0.851183257,0.055,0.0203,0.0238
197503,0.016897306,-3.120255826,-2.289002137,0.972466315,0.02061813,-0.831253689,0.0549,0.0181,0.0275
197504,0.041517779,-3.163724005,-2.354702263,0.909489371,0.02267343,-0.809021742,0.0561,0.0163,0.0291
197505,0.038807175,-3.201474625,-2.417766332,0.8975237,0.023140532,-0.783708292,0.0523,0.0179,0.0313
197506,0.038928265,-3.244843018,-2.481445894,0.84983902,0.023140479,-0.763397123,0.0534,0.0185,0.0279
197507,-0.075146796,-3.174791552,-2.419805329,0.898365624,0.025221605,-0.754986222,0.0613,0.0171,0.0216
197508,-0.02664789,-3.15349598,-2.406990724,0.894246654,0.026429938,-0.746505256,0.0644,0.0164,0.02
197509,-0.040595615,-3.120935161,-2.380285647,0.940948254,0.02798741,-0.740649515,0.0642,0.0166,0.022
197510,0.054863353,-3.183459249,-2.431548575,0.893497919,0.025901931,-0.751910674,0.0596,0.0176,0.0223
197511,0.019851419,-3.210580645,-2.447475298,0.867928474,0.024582207,-0.763105347,0.0548,0.0178,0.029
197512,-0.01609793,-3.196292098,-2.427489556,0.876338851,0.02359733,-0.768802542,0.0544,0.0177,0.0261
197601,0.10776474,-3.308106959,-2.510413008,0.765933886,0.021783334,-0.797693951,0.0487,0.0181,0.0315
197602,-0.015525864,-3.296639515,-2.470864297,0.76803652,0.022181025,-0.825775218,0.0488,0.0169,0.0314
197603,0.026069499,-3.321461605,-2.473778759,0.784031217,0.015000342,-0.847682846,0.05,0.016,0.0292
197604,-0.015098144,-3.305028925,-2.440266311,0.78607614,0.014190299,-0.864762614,0.0486,0.0154,0.0311
197605,-0.018792562,-3.282549611,-2.403835922,0.803502763,0.014121226,-0.878713688,0.052,0.0128,0.0301
197606,0.03561282,-3.31471357,-2.422456038,0.781427631,0.018952447,-0.892257532,0.0541,0.0127,0.0266
197607,-0.012436718,-3.298741312,-2.403615391,0.795823854,0.018854635,-0.895125921,0.0523,0.0126,0.0282
197608,-0.009411101,-3.285781672,-2.387840078,0.804732269,0.020638253,-0.897941593,0.0514,0.0119,0.0276
197609,0.018164238,-3.290151802,-2.399702302,0.791363274,0.023806384,-0.890449501,0.0508,0.0102,0.0273
197610,-0.026577431,-3.249966412,-2.364729333,0.812079633,0.025659029,-0.885237079,0.0492,0.0097,0.0287
197611,-0.011755437,-3.227235844,-2.344591269,0.827262938,0.027984283,-0.882644575,0.0475,0.0098,0.0274
197612,0.047547515,-3.268573715,-2.383574337,0.779973125,0.028690982,-0.884999378,0.0435,0.0114,0.0286
197701,-0.055694405,-3.2045711,-2.326020362,0.821065205,0.029720963,-0.878550738,0.0462,0.0112,0.0302
197702,-0.025782437,-3.17066783,-2.298456181,0.836803998,0.028130006,-0.872211649,0.0467,0.0108,0.0308
197703,-0.017950533,-3.142325053,-2.278690773,0.868429928,0.030515483,-0.86363428,0.046,0.0102,0.0312
197704,-0.003573004,-3.128509321,-2.267716584,0.86115007,0.031311674,-0.860792738,0.0454,0.0103,0.0317
197705,-0.027974629,-3.093125354,-2.232803242,0.888211337,0.035468693,-0.860322112,0.0496,0.0096,0.0269
197706,0.040186684,-3.128354162,-2.266231666,0.871112081,0.032040779,-0.862122495,0.0502,0.0096,0.0252
197707,-0.020670827,-3.102949173,-2.24063908,0.896783399,0.033360628,-0.862310093,0.0519,0.0093,0.0249
197708,-0.025831087,-3.068259632,-2.210229097,0.92653426,0.033918287,-0.858030535,0.0549,0.0084,0.0205
197709,-0.007313172,-3.054726608,-2.198675956,0.942262516,0.032455367,-0.856050651,0.0581,0.0088,0.0183
197710,-0.049496626,-2.999421114,-2.148712926,0.975377284,0.032784012,-0.850708188,0.0616,0.0085,0.0165
197711,0.021537941,-3.010926743,-2.169765754,0.96203447,0.029221256,-0.841160989,0.061,0.0087,0.0167
197712,-0.002202428,-3.005241062,-2.167084033,0.960333025,0.030501373,-0.838157029,0.0607,0.008,0.0196
197801,-0.068839866,-2.931193752,-2.102678631,1.036731089,0.028844503,-0.828515121,0.0644,0.0076,0.0172
197802,-0.030434244,-2.897751865,-2.076687983,1.075567294,0.03114372,-0.821063882,0.0645,0.0073,0.0177
197803,0.019397381,-2.91407842,-2.100397171,1.111492553,0.027502778,-0.81368125,0.0629,0.0075,0.0202
197804,0.076735746,-2.987811644,-2.172945649,1.005350404,0.022820311,-0.814865995,0.0629,0.0076,0.0209
197805,-0.001102165,-2.985908208,-2.167834524,1.001415639,0.016460826,-0.818073684,0.0641,0.008,0.0211
197806,-0.02333448,-2.960052758,-2.140851566,1.027901581,0.016429115,-0.819201192,0.0673,0.0084,0.0192
197807,0.046682166,-3.004511261,-2.183319909,0.976260336,0.014536048,-0.821191351,0.0701,0.0072,0.0157
197808,0.019710733,-3.024110632,-2.198965854,0.960060218,0.011937759,-0.825144778,0.0708,0.0079,0.0135
197809,-0.013807962,-3.012846884,-2.181837425,0.972257513,0.012671983,-0.831009459,0.0785,0.0073,0.0075
197810,-0.102678134,-2.912844614,-2.064138936,1.062275222,0.014312056,-0.848705678,0.0799,0.007,0.009
197811,0.009328699,-2.927373183,-2.059436024,1.053527402,0.014042336,-0.867937159,0.0864,0.008,0.0013
197812,0.007241186,-2.93233893,-2.053458052,1.045701296,0.014734805,-0.878880878,0.0908,0.0078,-0.001
197901,0.031215104,-2.963533361,-2.06655189,1.003074283,0.014251149,-0.896981471,0.0935,0.0088,-0.0049
197902,-0.044945989,-2.918601987,-2.004105171,1.040775451,0.012106322,-0.914496816,0.0932,0.0082,-0.0024
197903,0.045815534,-2.964623607,-2.03318107,1.033078939,0.011541451,-0.931442537,0.0948,0.0089,-0.0046
197904,-0.006180428,-2.958691002,-2.01795159,1.041876243,0.011503302,-0.940739412,0.0946,0.0095,-0.0024
197905,-0.034665932,-2.920701952,-1.974648809,1.083141804,0.014107559,-0.946053142,0.0961,0.0097,-0.0058
197906,0.030405574,-2.947455866,-1.996227083,1.057863607,0.012025454,-0.951228783,0.0906,0.0109,-0.0029
197907,0.001036979,-2.945113515,-1.989552762,1.052314454,0.009595163,-0.955560753,0.0924,0.0109,-0.0029
197908,0.043815026,-2.987714738,-2.02612797,1.003458648,0.011423681,-0.961586768,0.0952,0.0112,-0.0045
197909,-0.008513656,-2.978681253,-2.011205146,1.013794987,0.009217459,-0.967476107,0.1026,0.011,-0.0099
197910,-0.080775588,-2.898655829,-1.934903376,1.091945568,0.010003297,-0.963752453,0.117,0.0127,-0.0136
197911,0.031963793,-2.933291845,-1.971449225,1.083115462,0.010623748,-0.96184262,0.1179,0.0123,-0.017
197912,0.006644794,-2.941109342,-1.982902478,1.061950068,0.010382317,-0.958206864,0.1204,0.0132,-0.0192
198001,0.046075125,-2.988401118,-2.029330796,1.016954958,0.011219227,-0.959070322,0.12,0.0133,-0.0086
198002,-0.015049087,-2.968480739,-2.015428849,1.03192993,0.010721119,-0.95305189,0.1286,0.0119,-0.01
198003,-0.119943874,-2.85259878,-1.898655757,1.093732103,0.011786772,-0.953943022,0.152,0.0149,-0.0281
198004,0.02937649,-2.884462074,-1.946633903,1.05181994,0.015219445,-0.937828171,0.132,0.0215,-0.0244
198005,0.038394262,-2.923269461,-1.999866955,1.010048775,0.014957668,-0.923402507,0.0858,0.0218,0.0179
198006,0.020737091,-2.943214239,-2.034259319,0.990183427,0.015228094,-0.90895492,0.0707,0.0213,0.0299
198007,0.056316753,-2.999602662,-2.103986224,0.918829919,0.020106984,-0.895616438,0.0806,0.0158,0.0268
198008,-0.00176104,-2.997204185,-2.116566071,0.921519639,0.019975753,-0.880638114,0.0913,0.0151,0.0227
198009,0.016334106,-3.017162241,-2.148229474,0.921687651,0.023909795,-0.868932766,0.1027,0.0168,0.0158
198010,0.00625731,-3.028182205,-2.160033549,0.929593614,0.022895683,-0.868148656,0.1162,0.0192,0.0069
198011,0.086092079,-3.120800535,-2.253429008,0.865161979,0.022022123,-0.867371527,0.1373,0.0167,-0.0143
198012,-0.047286937,-3.079908439,-2.214911001,0.891503024,0.026943668,-0.864997437,0.1549,0.0193,-0.035
198101,-0.059260695,-3.026696927,-2.17350202,0.907238696,0.028799713,-0.853194906,0.1502,0.0222,-0.0291
198102,0.000939698,-3.03988629,-2.192133574,0.881815757,0.03011985,-0.847752716,0.1479,0.0202,-0.0196
198103,0.024326801,-3.068935678,-2.233004159,0.924920557,0.028084793,-0.835931518,0.1336,0.0201,-0.0088
198104,-0.035079099,-3.038891158,-2.199488262,0.930593836,0.027547618,-0.839402896,0.1369,0.0168,-0.0037
198105,-0.015149782,-3.032527392,-2.188137848,0.936223847,0.029014655,-0.844389544,0.163,0.0163,-0.0365
198106,-0.02266284,-3.015824555,-2.168082447,0.950474982,0.028006574,-0.847742107,0.1473,0.0205,-0.0169
198107,-0.01459401,-3.005865939,-2.160110273,0.974966924,0.025694642,-0.845755667,0.1495,0.0179,-0.0125
198108,-0.076953055,-2.935601203,-2.09027944,1.053354056,0.027041141,-0.845321764,0.1551,0.0145,-0.0106
198109,-0.067510443,-2.875675663,-2.029250593,1.092378644,0.021496386,-0.84642507,0.147,0.0143,0.0012
198110,0.036758135,-2.91756565,-2.07526617,1.089085684,0.014963795,-0.84229948,0.1354,0.0171,0.003
198111,0.026927541,-2.94745103,-2.109244141,1.044455443,0.015812304,-0.838206889,0.1086,0.0217,0.0134
198112,-0.039537759,-2.913902255,-2.076752382,1.061142857,0.012006905,-0.837149873,0.1085,0.0232,0.0249
198201,-0.027880904,-2.891701545,-2.071058176,1.065893698,0.010776797,-0.820643369,0.1228,0.0192,0.0187
198202,-0.073629444,-2.823272642,-2.020757362,1.126287315,0.010634652,-0.80251528,0.1348,0.0191,0.0054
198203,-0.020730362,-2.81008174,-2.022839036,1.185750574,0.005605918,-0.787242703,0.1268,0.0224,0.0119
198204,0.028706732,-2.844875032,-2.076580643,1.149983498,0.002949976,-0.768294389,0.127,0.0232,0.0078
198205,-0.049973836,-2.799034748,-2.051359057,1.190423896,-0.000898139,-0.747675691,0.1209,0.0238,0.0149
198206,-0.030836302,-2.777069139,-2.045801558,1.201581417,0.001264247,-0.731267582,0.1247,0.0211,0.0165
198207,-0.032672892,-2.752344929,-2.036993678,1.206529805,-0.011438346,-0.715351251,0.1135,0.0219,0.0217
198208,0.102523149,-2.859151398,-2.161394421,1.082424471,-0.002766925,-0.697756977,0.0868,0.0261,0.0386
198209,0.001007267,-2.86527819,-2.18386135,1.088535565,0.000676433,-0.681416841,0.0792,0.0269,0.0391
198210,0.098283196,-2.969965834,-2.311426698,0.983745412,0.006605586,-0.658539136,0.0771,0.0261,0.0341
198211,0.028783329,-3.003994986,-2.370318163,0.938726811,0.000970401,-0.633676823,0.0807,0.0262,0.0318
198212,0.008449469,-3.016132349,-2.409337045,0.932214727,0.003010052,-0.606795304,0.0794,0.0231,0.0301
198301,0.026068495,-3.047279159,-2.447750112,0.906944315,0.002189374,-0.599529047,0.0786,0.0215,0.0327
198302,0.012081428,-3.064647959,-2.472425096,0.876849239,0.000372211,-0.592222863,0.0811,0.0194,0.0249
198303,0.025624616,-3.09576068,-2.510868373,0.780067786,0.006070006,-0.584892307,0.0835,0.0188,0.0248
198304,0.065429312,-3.166564317,-2.578561225,0.71888762,0.006645137,-0.588003092,0.0821,0.0178,0.023
198305,-0.019225095,-3.152699075,-2.561611747,0.734595577,0.010400778,-0.591087328,0.0819,0.0163,0.0293
198306,0.027319375,-3.184439053,-2.591715679,0.721382042,0.015851538,-0.592723374,0.0879,0.0163,0.024
198307,-0.041109546,-3.147998248,-2.539518229,0.735061123,0.025393117,-0.608480019,0.0908,0.0124,0.029
198308,0.003502119,-3.156392334,-2.532495711,0.724822392,0.019501474,-0.623896623,0.0934,0.0113,0.0276
198309,0.002634889,-3.16222268,-2.524645351,0.714847583,0.023098288,-0.637577329,0.09,0.0118,0.0257
198310,-0.022464836,-3.142673702,-2.491226794,0.719474372,0.024647979,-0.651446909,0.0864,0.0121,0.0324
198311,0.01000229,-3.155709188,-2.490690169,0.690819893,0.0265662,-0.665019019,0.0876,0.012,0.03
198312,-0.016345402,-3.142613416,-2.464323247,0.700359118,0.026986611,-0.678290169,0.09,0.0118,0.0297
198401,-0.01664806,-3.129150023,-2.426260247,0.722197644,0.030672025,-0.702889777,0.089,0.0145,0.029
198402,-0.047180936,-3.085328515,-2.358628033,0.763448031,0.026582773,-0.726700482,0.0909,0.0151,0.0308
198403,0.00550571,-3.091796601,-2.344800612,0.762475427,0.023963288,-0.74699599,0.0952,0.0142,0.0301
198404,-0.002591943,-3.091729975,-2.329928357,0.758658979,0.022622403,-0.761801618,0.0969,0.015,0.0315
198405,-0.069349309,-3.025051981,-2.248812974,0.803910033,0.021477162,-0.776239007,0.0983,0.0146,0.0398
198406,0.009127087,-3.038274858,-2.246602458,0.784351819,0.001234768,-0.7916724,0.0987,0.015,0.0387
198407,-0.02498603,-3.01896571,-2.222634293,0.796391937,-0.001955311,-0.796331417,0.1012,0.0171,0.0281
198408,0.092363007,-3.117302168,-2.316358417,0.72542838,-0.003144522,-0.800943751,0.1047,0.0176,0.0223
198409,-0.012090331,-3.107064158,-2.305599868,0.736050915,-0.009433954,-0.80146429,0.1037,0.0169,0.0198
198410,-0.00814411,-3.100297018,-2.303928641,0.735642466,-0.013401776,-0.796368377,0.0974,0.0131,0.0199
198411,-0.022377025,-3.078407125,-2.287098588,0.747051996,-0.021814345,-0.791308538,0.0861,0.0119,0.0308
198412,0.015433529,-3.095236839,-2.307620471,0.733098376,-0.02715304,-0.787616368,0.0806,0.0127,0.0364
198501,0.065023426,-3.16012281,-2.384108326,0.690255446,-0.029866657,-0.776014484,0.0776,0.0118,0.0351
198502,0.001778997,-3.163534221,-2.397805316,0.691739161,-0.02449627,-0.765728905,0.0827,0.011,0.0382
198503,-0.010004306,-3.157997265,-2.399945419,0.723645779,-0.024776244,-0.758051846,0.0852,0.0113,0.0329
198504,-0.011208003,-3.149493773,-2.411331068,0.72866159,-0.022439957,-0.738162705,0.0795,0.0128,0.0367
198505,0.046426895,-3.198251154,-2.480222307,0.696892984,-0.025493587,-0.718028847,0.0748,0.0143,0.0314
198506,0.006286015,-3.206443652,-2.508802082,0.686430144,-0.026589363,-0.69764157,0.0695,0.0146,0.036
198507,-0.010741988,-3.196449528,-2.512092468,0.68032209,-0.024575091,-0.68435706,0.0708,0.0146,0.0383
198508,-0.017999436,-3.18054859,-2.508235563,0.687176258,-0.024235096,-0.672313027,0.0714,0.0145,0.0354
198509,-0.041240505,-3.142659544,-2.481178984,0.68995883,-0.031306752,-0.66148056,0.071,0.0141,0.0372
198510,0.035681167,-3.181748351,-2.536473925,0.667025635,-0.027135173,-0.645274425,0.0716,0.0134,0.0335
198511,0.057017467,-3.242246168,-2.613354005,0.622703158,-0.027761819,-0.628892164,0.0724,0.0144,0.0287
198512,0.038176108,-3.281270993,-2.671478042,0.592692688,-0.01950253,-0.609792951,0.071,0.0142,0.0246
198601,-0.003510647,-3.278609589,-2.675897273,0.5835174,-0.019149257,-0.602712315,0.0707,0.0139,0.0251
198602,0.063183438,-3.342659111,-2.747006539,0.536376722,-0.017915708,-0.595652572,0.0706,0.0144,0.0135
198603,0.045995743,-3.390372963,-2.800518045,0.519627628,-0.016414384,-0.589854918,0.0656,0.015,0.011
198604,-0.01928651,-3.372403963,-2.781918797,0.529714459,-0.024531719,-0.590485166,0.0606,0.014,0.0176
198605,0.04389659,-3.418940276,-2.826589284,0.503540771,-0.021847201,-0.592350992,0.0615,0.012,0.0233
198606,0.008849292,-3.428025106,-2.836287751,0.499281457,-0.012165508,-0.591737355,0.0621,0.0121,0.0169
198607,-0.065321705,-3.362648,-2.772642933,0.532301401,-0.011165052,-0.590005066,0.0583,0.0128,0.0226
198608,0.064174873,-3.425326756,-2.838262642,0.497803344,-0.00948195,-0.587064114,0.0553,0.0146,0.021
198609,-0.093643006,-3.334801689,-2.745802168,0.534629267,-0.004924233,-0.588999521,0.0521,0.0131,0.0306
198610,0.048976845,-3.385661667,-2.807424082,0.503245802,-0.008046169,-0.578237585,0.0518,0.0138,0.0285
198611,0.016801361,-3.404493072,-2.83708851,0.493671084,-0.002151583,-0.567404562,0.0535,0.0139,0.0244
198612,-0.033293829,-3.373384444,-2.816871572,0.498430866,-0.011437394,-0.556512872,0.0553,0.0148,0.0236
198701,0.119265283,-3.49475778,-2.926477712,0.437897351,-0.005896009,-0.568280068,0.0543,0.0136,0.0235
198702,0.031610664,-3.528614999,-2.948766768,0.424911983,-0.004554262,-0.579848231,0.0559,0.0127,0.0204
198703,0.021400144,-3.547494171,-2.961031133,0.428040214,-0.002283468,-0.586463038,0.0559,0.0125,0.0236
198704,-0.016205167,-3.528860526,-2.96464204,0.431471859,0.004359047,-0.564218486,0.0564,0.0119,0.0295
198705,0.001310414,-3.52780935,-2.986010637,0.430490886,0.006766714,-0.541798713,0.0566,0.0118,0.0314
198706,0.042088138,-3.568759969,-3.04841157,0.407892397,0.005129801,-0.520348399,0.0567,0.012,0.031
198707,0.042366542,-3.610039619,-3.062763491,0.383543216,0.001783397,-0.547276128,0.0569,0.0119,0.0338
198708,0.029340998,-3.639771688,-3.065418446,0.37045382,0.001842517,-0.574353242,0.0604,0.0113,0.0332
198709,-0.029782116,-3.609551665,-3.01022324,0.379966722,0.006187445,-0.599328425,0.064,0.0113,0.0352
198710,-0.250523379,-3.358399502,-2.730905619,0.494850842,0.010454666,-0.627493883,0.0613,0.011,0.0313
198711,-0.09394306,-3.263495367,-2.608920302,0.538027324,0.009923037,-0.654575065,0.0569,0.0122,0.0362
198712,0.065532554,-3.369057945,-2.64751129,0.508812015,0.013341878,-0.721546655,0.0577,0.0118,0.0343
198801,0.034806267,-3.355016914,-2.666600093,0.503773835,0.008456723,-0.688416821,0.0581,0.0119,0.0271
198802,0.036261114,-3.39944401,-2.687427561,0.476197372,0.008881704,-0.712016449,0.0566,0.0122,0.0288
198803,-0.038650606,-3.402782321,-2.633779459,0.507529954,0.006131107,-0.769002862,0.057,0.0118,0.0331
198804,0.004467804,-3.34062003,-2.589402732,0.49647449,0.005172293,-0.751217298,0.0591,0.0123,0.0338
198805,-0.002032079,-3.351165563,-2.541564193,0.496770255,0.001477465,-0.80960137,0.0626,0.0114,0.0326
198806,0.036977722,-3.42693716,-2.535372806,0.471118872,-0.005525903,-0.891564354,0.0646,0.0114,0.0271
198807,-0.011018694,-3.363252841,-2.513774609,0.473991535,-0.002926865,-0.849478232,0.0673,0.0115,0.0274
198808,-0.045230925,-3.323888011,-2.458490523,0.496640662,-0.006353318,-0.865397487,0.0706,0.011,0.0244
198809,0.032945161,-3.386920032,-2.481785491,0.477540454,-0.004761595,-0.90513454,0.0724,0.0108,0.0193
198810,0.019526802,-3.354965806,-2.492428144,0.469597189,-0.010649691,-0.862537662,0.0735,0.009,0.0154
198811,-0.025517481,-3.334765331,-2.458583173,0.47717911,-0.00800822,-0.876182158,0.0776,0.0103,0.0147
198812,0.007878308,-3.331858898,-2.458609917,0.465283574,-0.021639156,-0.873248981,0.0807,0.0108,0.0111
198901,0.06183194,-3.396836715,-2.510615006,0.430769493,-0.022553019,-0.886221708,0.0827,0.0103,0.0076
198902,-0.036454426,-3.362257653,-2.464823038,0.446778457,-0.025037132,-0.897434615,0.0853,0.0097,0.0082
198903,0.013269319,-3.372811744,-2.469260038,0.468691414,-0.023258691,-0.903551706,0.0882,0.0087,0.0047
198904,0.041693274,-3.401908137,-2.51466825,0.444435257,-0.022983769,-0.887239887,0.0865,0.0082,0.0053
198905,0.027533905,-3.431220537,-2.545751017,0.433441526,-0.028182311,-0.88546952,0.0843,0.0089,0.0035
198906,-0.014724896,-3.409185679,-2.534351157,0.440562937,-0.024048198,-0.874834521,0.0815,0.0093,0.0006
198907,0.078136274,-3.485344374,-2.639461942,0.404035089,-0.028620319,-0.845882432,0.0788,0.0094,0.0013
198908,0.008835734,-3.48865118,-2.67571482,0.39272706,-0.024866453,-0.812936359,0.079,0.0092,0.0051
198909,-0.013003392,-3.464814088,-2.690448611,0.39920975,-0.030119629,-0.774365477,0.0775,0.009,0.0072
198910,-0.031844233,-3.43949949,-2.676127483,0.406414929,-0.024302651,-0.763372006,0.0764,0.0089,0.0046
198911,0.010018105,-3.443527059,-2.703840743,0.397225702,-0.02700902,-0.739686315,0.0769,0.0092,0.0039
198912,0.014852483,-3.461015877,-2.736463649,0.390454744,-0.012320164,-0.724552228,0.0763,0.0096,0.0053
199001,-0.077646163,-3.371409665,-2.683230116,0.414971396,-0.013776208,-0.688179549,0.0764,0.0095,0.0101
199002,0.002073419,-3.37840921,-2.710131367,0.40917309,-0.01164126,-0.668277843,0.0774,0.0092,0.0102
199003,0.017403785,-3.389382997,-2.752840316,0.471333956,-0.010270397,-0.636542681,0.079,0.0084,0.0099
199004,-0.033709296,-3.348442037,-2.731913389,0.480284256,-0.010121362,-0.616528648,0.0777,0.0084,0.0147
199005,0.081571624,-3.433093437,-2.82627817,0.443569974,-0.001977226,-0.606815267,0.0774,0.0094,0.0109
199006,-0.015347032,-3.412150394,-2.823761478,0.442949432,-0.000470463,-0.588388916,0.0773,0.0096,0.0091
199007,-0.011566784,-3.401506288,-2.811026925,0.439212447,0.004935004,-0.590479363,0.0762,0.0096,0.0098
199008,-0.105251966,-3.305312421,-2.704522206,0.488073563,0.001498046,-0.600790216,0.0745,0.01,0.0175
199009,-0.058655279,-3.24746222,-2.644594606,0.520289666,0.001422645,-0.602867614,0.0736,0.0108,0.0178
199010,-0.012678006,-3.231621177,-2.64402425,0.522451921,-0.000416277,-0.587596927,0.0717,0.0121,0.0181
199011,0.052340747,-3.283186784,-2.708424239,0.498505655,0.000974075,-0.574762545,0.0706,0.0132,0.0152
199012,0.018923605,-3.305479843,-2.739175853,0.48449686,-0.001736934,-0.56630399,0.0674,0.0138,0.017
199101,0.035509103,-3.345746198,-2.787225013,0.4663078,0.000726135,-0.558521185,0.0622,0.0141,0.0215
199102,0.060176628,-3.411521008,-2.859759507,0.442720441,0.00127772,-0.551761501,0.0594,0.0124,0.0247
199103,0.017047043,-3.426076569,-2.8891998,0.4571256,0.003374929,-0.536876769,0.0591,0.0116,0.0253
199104,-0.00435088,-3.434818774,-2.914124663,0.461239599,0.005899487,-0.520694111,0.0565,0.0108,0.0272
199105,0.033312143,-3.468628521,-2.977169265,0.439966969,0.006981483,-0.491459256,0.0546,0.01,0.0299
199106,-0.053708438,-3.427070775,-2.953940817,0.458243743,0.01429299,-0.473129958,0.0557,0.0095,0.0303
199107,0.03924307,-3.462363652,-3.02453326,0.440356782,0.014859561,-0.437830393,0.0558,0.0089,0.0292
199108,0.01502642,-3.472409107,-3.071434719,0.437639637,0.017332771,-0.400974388,0.0533,0.009,0.0285
199109,-0.023669897,-3.465622466,-3.080323028,0.441531837,0.023110661,-0.385299439,0.0522,0.009,0.0268
199110,0.00764046,-3.470998669,-3.127333395,0.434003454,0.025404527,-0.343665274,0.0499,0.0094,0.0292
199111,-0.048714899,-3.425830697,-3.118911351,0.46015449,0.030582106,-0.306919346,0.0456,0.0097,0.0333
199112,0.102403577,-3.539683435,-3.262590064,0.420344417,0.031638371,-0.277093372,0.0407,0.0095,0.0323
199201,-0.023262112,-3.52322447,-3.237698356,0.413229678,0.031858823,-0.285526114,0.038,0.0093,0.0396
199202,0.006324469,-3.511172356,-3.242455506,0.407630525,0.033436713,-0.26871685,0.0384,0.0094,0.0393
199203,-0.025434692,-3.50397674,-3.215636014,0.402106034,0.041709996,-0.288340726,0.0404,0.009,0.0393
199204,0.024390647,-3.533796222,-3.225810284,0.387303472,0.038481066,-0.307985939,0.0375,0.0088,0.0428
199205,-0.002056927,-3.517654103,-3.209726762,0.382998516,0.037156949,-0.307927342,0.0363,0.0085,0.0418
199206,-0.020556644,-3.50380121,-3.175460049,0.392042354,0.04304073,-0.328341161,0.0366,0.0083,0.0399
199207,0.035946934,-3.544621049,-3.194908496,0.3833487,0.041438521,-0.349712554,0.0321,0.0077,0.0405
199208,-0.026895118,-3.508403266,-3.151808983,0.399405037,0.042884179,-0.356594283,0.0313,0.007,0.0412
199209,0.00664235,-3.521427761,-3.142411334,0.397656972,0.041182304,-0.379016426,0.0291,0.007,0.0419
199210,-0.000276442,-3.517315853,-3.125299866,0.403251178,0.041022009,-0.392015987,0.0286,0.0085,0.0455
199211,0.027207983,-3.550191563,-3.136259549,0.393626458,0.037900652,-0.413932015,0.0313,0.0086,0.0435
199212,0.007377319,-3.557668808,-3.127812247,0.394109614,0.038816455,-0.429856561,0.0322,0.0083,0.0404
199301,0.004524384,-3.565012185,-3.121822658,0.393048104,0.041638596,-0.443189527,0.03,0.0076,0.0425
199302,0.007990351,-3.570139584,-3.119407958,0.385960197,0.040618805,-0.450731625,0.0293,0.0068,0.0405
199303,0.016069318,-3.590027108,-3.125251723,0.333613526,0.037104943,-0.464775385,0.0295,0.0057,0.0407
199304,-0.028134184,-3.554939231,-3.108111819,0.334349806,0.03981148,-0.446827411,0.0287,0.0068,0.0414
199305,0.019999635,-3.582102762,-3.13925525,0.324882421,0.04023025,-0.442847512,0.0296,0.0078,0.0405
199306,-0.001800115,-3.583177177,-3.148766374,0.325931248,0.04105049,-0.434410803,0.0307,0.0074,0.0361
199307,-0.007871428,-3.576080092,-3.124972476,0.323777031,0.040871088,-0.451107616,0.0304,0.0076,0.0352
199308,0.031338952,-3.611688336,-3.140706673,0.313864983,0.040178071,-0.470981663,0.0302,0.0075,0.0321
199309,-0.01249345,-3.599017678,-3.112872716,0.322351821,0.041724506,-0.486144961,0.0295,0.0068,0.0332
199310,0.016693784,-3.615519897,-3.108355823,0.311362833,0.040320855,-0.507164074,0.0302,0.0064,0.0321
199311,-0.015574742,-3.603240493,-3.072186719,0.311079411,0.043905341,-0.531053774,0.031,0.0073,0.0341
199312,0.007493837,-3.604257753,-3.059577856,0.305267223,0.045755172,-0.544679897,0.0306,0.0076,0.0348
199401,0.02950357,-3.633723279,-3.078994724,0.288058567,0.043738732,-0.554728555,0.0298,0.0073,0.0339
199402,-0.033210332,-3.604475976,-3.036082537,0.299058821,0.045162709,-0.568393439,0.0325,0.0068,0.0357
199403,-0.049738296,-3.557020725,-2.976997768,0.307483805,0.041930009,-0.580022957,0.035,0.0065,0.0375
199404,0.008402665,-3.565736491,-2.952566661,0.303664786,0.039859999,-0.61316983,0.0368,0.0064,0.0377
199405,0.00889878,-3.571434791,-2.930257738,0.297469476,0.039668134,-0.641177053,0.0414,0.0063,0.0345
199406,-0.030622182,-3.54410086,-2.869588491,0.308417077,0.034046194,-0.674512368,0.0414,0.0068,0.036
199407,0.027380562,-3.576720496,-2.872785892,0.296985381,0.031339714,-0.703934604,0.0433,0.0069,0.0313
199408,0.033225614,-3.605358212,-2.882704069,0.285683819,0.028769236,-0.722654143,0.0448,0.0067,0.0313
199409,-0.031108982,-3.56785271,-2.829115508,0.290904659,0.029100025,-0.738737202,0.0462,0.0064,0.0338
199410,0.016503213,-3.596161235,-2.810627114,0.286071274,0.02609023,-0.785534121,0.0495,0.0063,0.0314
199411,-0.044704736,-3.53947263,-2.732684956,0.298992614,0.0229468,-0.806787673,0.0529,0.0064,0.0279
199412,0.007568315,-3.546471253,-2.708638263,0.2915683,0.01665684,-0.83783299,0.056,0.0064,0.0239
199501,0.019240592,-3.575380722,-2.711606537,0.290853734,0.014869034,-0.863774186,0.0571,0.0062,0.0209
199502,0.030641901,-3.611123108,-2.726458614,0.278730036,0.014453696,-0.884664494,0.0577,0.0059,0.0181
199503,0.022198831,-3.625859931,-2.733249723,0.313876542,0.01435778,-0.892610208,0.0573,0.0058,0.0182
199504,0.02287926,-3.648946122,-2.741755813,0.301994701,0.012983732,-0.907190309,0.0565,0.0057,0.018
199505,0.030954104,-3.686931596,-2.758713181,0.292264254,0.010685393,-0.928218415,0.0567,0.0055,0.011
199506,0.016507386,-3.696156903,-2.761398696,0.286429618,0.008168806,-0.934758207,0.0547,0.006,0.0123
199507,0.026775135,-3.722421555,-2.785445454,0.277160367,0.007054158,-0.936976102,0.0542,0.0063,0.0149
199508,-0.004810207,-3.723058438,-2.777942245,0.283046135,0.009018858,-0.945116193,0.054,0.0062,0.0134
199509,0.034924139,-3.754887201,-2.810125052,0.272494998,0.006258881,-0.944762149,0.0528,0.0061,0.0135
199510,-0.009382168,-3.73920476,-2.816761121,0.274420245,0.012220118,-0.922443639,0.0528,0.0063,0.0113
199511,0.035772149,-3.782041193,-2.868751769,0.257168852,0.016957767,-0.913289424,0.0536,0.0066,0.0087
199512,0.013019293,-3.7923242,-2.897949959,0.255026383,0.015581803,-0.894374241,0.0514,0.0067,0.0089
199601,0.027938679,-3.81282116,-2.929260738,0.241877172,0.01638064,-0.883560422,0.05,0.0066,0.0109
199602,0.002892895,-3.815681381,-2.935388201,0.237894737,0.016857969,-0.88029318,0.0483,0.0064,0.0176
199603,0.00376057,-3.816149644,-2.942488907,0.239299615,0.017020474,-0.873660737,0.0496,0.0068,0.0188
199604,0.009225531,-3.825908842,-2.947347649,0.240075806,0.02128327,-0.878561192,0.0495,0.0069,0.0211
199605,0.018421552,-3.847593776,-2.961531866,0.236923515,0.026733825,-0.886061909,0.0502,0.0068,0.0215
199606,-0.001978543,-3.827607084,-2.955444248,0.236443725,0.027400726,-0.872162836,0.0509,0.0069,0.0194
199607,-0.051110005,-3.787931292,-2.898263744,0.241819894,0.031251915,-0.889667547,0.0515,0.007,0.0192
199608,0.014439673,-3.794633714,-2.906653219,0.238061118,0.030110824,-0.887980495,0.0505,0.0072,0.0221
199609,0.048523507,-3.836065843,-2.949266489,0.227297318,0.02890465,-0.886799354,0.0509,0.0069,0.0195
199610,0.021645569,-3.869645371,-2.950098191,0.221747656,0.024881731,-0.91954718,0.0499,0.0068,0.0172
199611,0.066626059,-3.928095577,-2.99655161,0.205007919,0.021268346,-0.931543967,0.0503,0.0069,0.014
199612,-0.025823305,-3.907430065,-2.951035193,0.20734273,0.023373237,-0.956394872,0.0491,0.0069,0.0182
199701,0.055327741,-3.966604815,-2.997634458,0.196240103,0.023751979,-0.968970357,0.0503,0.0067,0.0186
199702,0.001743739,-3.961094563,-2.990795188,0.194395411,0.022354455,-0.970299375,0.0501,0.0063,0.0193
199703,-0.047822806,-3.910861381,-2.934660236,0.214780202,0.020448026,-0.976201146,0.0514,0.0063,0.0209
199704,0.052472784,-3.972915964,-2.988859993,0.201741048,0.016265289,-0.984055971,0.0516,0.0061,0.0189
199705,0.05272594,-4.024484429,-3.043225712,0.192878588,0.012554249,-0.981258717,0.0505,0.0062,0.0196
199706,0.038435137,-4.055738456,-3.083210044,0.184287615,0.010317743,-0.972528412,0.0493,0.0061,0.0195
199707,0.071022281,-4.136191403,-3.157692274,0.171964943,0.011059734,-0.978499129,0.0505,0.0061,0.0132
199708,-0.063436093,-4.071798333,-3.097791359,0.185505404,0.013123973,-0.974006973,0.0514,0.006,0.0158
199709,0.047672504,-4.119032424,-3.148841917,0.177967857,0.014817281,-0.970190508,0.0495,0.0055,0.0154
199710,-0.039219155,-4.083167617,-3.121331248,0.190000677,0.016463213,-0.961836369,0.0497,0.0057,0.0126
199711,0.039347237,-4.121483644,-3.17258337,0.180746299,0.015874449,-0.948900275,0.0514,0.0055,0.01
199712,0.01131839,-4.134514996,-3.195884433,0.178800884,0.015723044,-0.938630563,0.0516,0.0056,0.0086
199801,0.005907768,-4.138902052,-3.207495122,0.178840273,0.013854011,-0.93140693,0.0504,0.0058,0.0085
199802,0.063845733,-4.206021002,-3.277087556,0.165463097,0.01215391,-0.928933447,0.0509,0.0058,0.009
199803,0.044555524,-4.245848419,-3.327342286,0.181140396,0.016629453,-0.918506133,0.0503,0.006,0.0099
199804,0.00491901,-4.252668544,-3.341194655,0.175872922,0.016565693,-0.911473889,0.0495,0.0064,0.0109
199805,-0.023163654,-4.225226157,-3.327029168,0.179102206,0.019180461,-0.898196988,0.05,0.0061,0.0092
199806,0.034538982,-4.271016406,-3.370573262,0.178060606,0.024023709,-0.900443145,0.0498,0.006,0.0078
199807,-0.015808196,-4.251032657,-3.366444648,0.179438109,0.02533296,-0.884588009,0.0496,0.006,0.0088
199808,-0.161661089,-4.08260941,-3.21647346,0.211432092,0.028394783,-0.86613595,0.049,0.0062,0.0057
199809,0.056691993,-4.147356959,-3.284670448,0.203248404,0.024491957,-0.86268651,0.0461,0.0069,0.0056
199810,0.073938841,-4.219873669,-3.365235733,0.185519077,0.020552938,-0.854637936,0.0396,0.0081,0.0144
199811,0.053775808,-4.274597156,-3.426020177,0.174846844,0.021831356,-0.848576978,0.0441,0.0093,0.0094
199812,0.05119187,-4.323284924,-3.484217925,0.173611315,0.019854992,-0.839066999,0.0439,0.0101,0.0103
199901,0.036580689,-4.366856733,-3.518503834,0.170320619,0.015333519,-0.848352898,0.0434,0.0105,0.0102
199902,-0.036508263,-4.321254292,-3.479818485,0.17127681,0.018140964,-0.841435806,0.0444,0.0099,0.0143
199903,0.034367429,-4.363884866,-3.512043087,0.172897171,0.020348778,-0.85184178,0.0444,0.0091,0.0148
199904,0.033673191,-4.400577181,-3.526615204,0.156825876,0.024876362,-0.873961977,0.0429,0.0084,0.0165
199905,-0.029030452,-4.371330038,-3.479160584,0.160231135,0.025655643,-0.892169454,0.045,0.0079,0.0165
199906,0.04920714,-4.421788031,-3.510482414,0.154227447,0.018702938,-0.911305616,0.0457,0.0079,0.017
199907,-0.036355312,-4.3771017,-3.454301734,0.158796473,0.019296746,-0.922799966,0.0455,0.0076,0.0184
199908,-0.010199396,-4.373828044,-3.424962682,0.156243027,0.01882289,-0.948865361,0.0472,0.0075,0.0177
199909,-0.032859682,-4.349377904,-3.373450177,0.163684498,0.019884532,-0.975927727,0.0468,0.0081,0.0178
199910,0.056619946,-4.402642253,-3.40268793,0.157690661,0.020454752,-0.999954323,0.0486,0.0083,0.0165
199911,0.014666373,-4.421344983,-3.391103847,0.155545967,0.018313987,-1.030241136,0.0507,0.0079,0.0155
199912,0.051908828,-4.477158508,-3.417770925,0.147167259,0.017940027,-1.059387583,0.052,0.0064,0.0162
200001,-0.056668358,-4.417456084,-3.346539274,0.15465416,0.025369326,-1.07091681,0.0532,0.0055,0.0134
200002,-0.0249274,-4.40083504,-3.307593177,0.167056433,0.027491461,-1.093241864,0.0555,0.0061,0.0091
200003,0.087593352,-4.488635035,-3.381624803,0.149973562,0.018372634,-1.107010233,0.0569,0.0069,0.0049
200004,-0.035985555,-4.447956437,-3.343952526,0.152600418,0.010189903,-1.104003911,0.0566,0.0076,0.0064
200005,-0.026972095,-4.443186385,-3.315442131,0.155668731,0.009264771,-1.127744253,0.0579,0.0091,0.0061
200006,0.018921171,-4.474047853,-3.332782155,0.156777962,-0.002940714,-1.141265697,0.0569,0.0081,0.0053
200007,-0.021430627,-4.443025235,-3.304942869,0.155674151,-0.010386632,-1.138082366,0.0596,0.007,0.0015
200008,0.053865992,-4.530893738,-3.352635662,0.146053064,0.000697557,-1.178258075,0.0609,0.0071,-0.0015
200009,-0.059953834,-4.46976795,-3.286558838,0.153789463,-2.86E-05,-1.183209112,0.06,0.0073,0.0012
200010,-0.010040533,-4.457838763,-3.304832007,0.149300789,-0.001135663,-1.153006755,0.0611,0.0079,-0.0011
200011,-0.088584627,-4.392169539,-3.245163559,0.157280893,-0.001349188,-1.14700598,0.0617,0.0083,-0.0041
200012,-0.000751617,-4.389843333,-3.273576109,0.151851504,-0.00694892,-1.116267224,0.0577,0.0081,-0.0019
200101,0.029767763,-4.42860696,-3.338498019,0.150449666,-0.009771947,-1.090108941,0.0515,0.0078,0.0047
200102,-0.100889511,-4.351981081,-3.273522095,0.156070091,-0.011930164,-1.078458986,0.0488,0.0077,0.0061
200103,-0.07003511,-4.29265951,-3.240066952,0.133113551,-0.009985732,-1.052592558,0.0442,0.0086,0.0117
200104,0.0707872,-4.366225256,-3.379630216,0.122496901,-0.003444102,-0.98659504,0.0387,0.0087,0.0206
200105,0.002065162,-4.382839183,-3.454864767,0.120510188,-0.003430819,-0.927974416,0.0362,0.0078,0.0232
200106,-0.028225596,-4.352239972,-3.504996472,0.125209433,0.013045435,-0.847243499,0.0349,0.0079,0.0241
200107,-0.013751621,-4.346113177,-3.57411014,0.124966583,0.020828668,-0.772003038,0.0351,0.0084,0.021
200108,-0.069051693,-4.277248515,-3.594749928,0.132164144,0.011652673,-0.682498587,0.0336,0.0083,0.021
200109,-0.087454199,-4.191737721,-3.604664331,0.148628588,0.011066047,-0.587073391,0.0264,0.0086,0.0278
200110,0.016138806,-4.224847571,-3.666159897,0.1449014,0.013637152,-0.558687674,0.0216,0.0088,0.029
200111,0.07092723,-4.28215926,-3.784186709,0.133481367,0.011363858,-0.497972552,0.0187,0.0084,0.0366
200112,0.006137949,-4.286469433,-3.839447958,0.131217846,0.016069792,-0.447021475,0.0169,0.0128,0.0406
200201,-0.017070429,-4.266034462,-3.823616586,0.132560549,0.016522356,-0.442417877,0.0165,0.0132,0.0404
200202,-0.022425515,-4.253595283,-3.802496719,0.130119086,0.015743799,-0.451098565,0.0173,0.0138,0.039
200203,0.034589521,-4.291648061,-3.838441833,0.236833402,0.016240774,-0.453206228,0.0179,0.013,0.0425
200204,-0.06481699,-4.237735449,-3.747898932,0.247732313,0.015984065,-0.489836517,0.0172,0.0127,0.0403
200205,-0.010563571,-4.197714195,-3.71233588,0.248255614,0.024746253,-0.485378315,0.0173,0.0134,0.0405
200206,-0.07664011,-4.126863663,-3.611352434,0.266572502,0.029238366,-0.515511229,0.017,0.0132,0.0396
200207,-0.08368879,-4.068850161,-3.485163883,0.282032194,0.030582715,-0.583686278,0.0168,0.0137,0.0376
200208,0.003520455,-4.060146134,-3.44798098,0.284411556,0.028041653,-0.612165154,0.0162,0.0121,0.0348
200209,-0.117906314,-3.931705437,-3.291076904,0.324555155,0.032365271,-0.640628533,0.0163,0.0125,0.0317
200210,0.081586355,-4.018869853,-3.404658023,0.293437064,0.028606847,-0.61421183,0.0158,0.0141,0.035
200211,0.05447611,-4.064743558,-3.49180864,0.276975499,0.025268793,-0.572934918,0.0123,0.0131,0.0398
200212,-0.063220452,-4.003697014,-3.462263953,0.295385896,0.028520874,-0.541433061,0.0119,0.0124,0.0365
200301,-0.028772019,-3.97446797,-3.40201576,0.305942307,0.030490071,-0.572452209,0.0117,0.0118,0.0378
200302,-0.018124369,-3.948278376,-3.353435251,0.312251321,0.030277285,-0.594843125,0.0117,0.0111,0.0355
200303,0.007381651,-3.947092851,-3.331285317,0.286156489,0.026610612,-0.615807534,0.0113,0.0106,0.0373
200304,0.076986126,-4.042263069,-3.363757622,0.269690587,0.02203081,-0.678505447,0.0113,0.0111,0.0368
200305,0.048754396,-4.091908735,-3.369924881,0.258410533,0.007128822,-0.721983854,0.0107,0.0116,0.0329
200306,0.010502515,-4.099086369,-3.33952723,0.254522838,0.001851412,-0.759559139,0.0092,0.0122,0.036
200307,0.015333526,-4.092014676,-3.317095046,0.247676907,0.00071632,-0.774919629,0.009,0.0113,0.0452
200308,0.01692399,-4.114415477,-3.297723547,0.242888997,0.002080334,-0.81669193,0.0095,0.0113,0.0437
200309,-0.012799259,-4.095158171,-3.24994686,0.246575206,0.00719919,-0.845211311,0.0094,0.0107,0.0396
200310,0.052737896,-4.120426248,-3.248866174,0.233340596,0.007053358,-0.871560074,0.0092,0.0103,0.0426
200311,0.006328526,-4.118717815,-3.204210375,0.233785841,0.009829773,-0.91450744,0.0093,0.0101,0.0426
200312,0.04876918,-4.158235764,-3.204517923,0.218769519,0.006712014,-0.953717842,0.009,0.0098,0.0421
200401,0.016395549,-4.163206095,-3.172068929,0.218057278,0.006698135,-0.991137166,0.0088,0.009,0.0411
200402,0.011360101,-4.1633287,-3.136968451,0.21608251,0.008530536,-1.026360249,0.0093,0.0077,0.039
200403,-0.017277554,-4.134964572,-3.075369574,0.271295751,0.012056919,-1.059594999,0.0094,0.0078,0.038
200404,-0.017716727,-4.107397869,-3.032181311,0.274801307,0.01143027,-1.075216558,0.0094,0.0073,0.0437
200405,0.011161024,-4.108887462,-3.018609187,0.275802502,0.012813965,-1.090278276,0.0102,0.0071,0.0437
200406,0.016770856,-4.116304769,-3.011493431,0.26927367,0.012324481,-1.104811338,0.0127,0.0077,0.0405
200407,-0.036000572,-4.071391764,-2.967030046,0.277128241,0.014268694,-1.104361719,0.0133,0.008,0.039
200408,0.001051387,-4.063755138,-2.959834358,0.276196392,0.014321709,-1.10392078,0.0148,0.0081,0.0345
200409,0.007945337,-4.063251595,-2.959763322,0.278762374,0.009123405,-1.103488273,0.0165,0.0081,0.0323
200410,0.012450289,-4.072361809,-2.969189769,0.280230208,0.007459879,-1.10317204,0.0176,0.0074,0.0302
200411,0.036143779,-4.10544684,-3.002588115,0.269466303,0.012276919,-1.102858726,0.0207,0.0068,0.0295
200412,0.030117491,-4.132628359,-3.030080068,0.26059514,0.013007185,-1.102548291,0.0219,0.0068,0.0265
200501,-0.027557415,-4.093625256,-2.994437895,0.267875698,0.013635513,-1.099187361,0.0233,0.0066,0.0232
200502,0.016610268,-4.099141693,-3.003237938,0.261001298,0.012324026,-1.095903755,0.0254,0.0062,0.0225
200503,-0.021586086,-4.066800687,-2.974105869,0.335022887,0.009205455,-1.092694818,0.0274,0.0066,0.0214
200504,-0.022630186,-4.035016897,-2.937132604,0.345253524,0.010068611,-1.097884293,0.0278,0.0072,0.0183
200505,0.027145557,-4.053188926,-2.950258087,0.336184067,0.008137451,-1.102930839,0.0284,0.0086,0.0156
200506,-0.002617687,-4.041833204,-2.933992862,0.342482752,0.007551595,-1.107840343,0.0297,0.009,0.0132
200507,0.032653119,-4.068462571,-2.952582698,0.330704799,0.005040286,-1.115879873,0.0322,0.0089,0.0134
200508,-0.014152135,-4.048545178,-2.92482645,0.335731186,0.004657571,-1.123718727,0.0344,0.0087,0.0088
200509,0.004074907,-4.046912033,-2.915547475,0.332964319,0.006060138,-1.131364558,0.0342,0.009,0.0122
200510,-0.020991661,-4.017514554,-2.880963048,0.337066705,0.005056898,-1.136551507,0.0371,0.0095,0.0113
200511,0.031347904,-4.040728999,-2.899133661,0.325656333,0.006150583,-1.141595339,0.0388,0.0097,0.0093
200512,-0.004194517,-4.02853711,-2.882035152,0.328341498,0.003735874,-1.146501958,0.0389,0.0095,0.0072
